Batch started: Fri Jul 31 15:54:33 EDT 2026
MEDIA_ROOT=/Users/csev/Desktop/teach/py4e-media
WHISPER_ROOT=/Users/csev/htdocs/py4e/whisper
COURSE_HINT=Python for Everybody, PY4E, Python, Dr. Chuck, Chuck Severance
FROM_LESSONS=0
WHISPER=whisper-cli
MODEL=/Users/csev/models/ggml-medium.bin
VOCAB_FILES:
  /Users/csev/htdocs/py4e/whisper/py4e-whisper-vocabulary.txt
REPLACEMENTS_FILES:
  /Users/csev/htdocs/py4e/whisper/py4e-whisper-replacements.txt
LOG_FILE=/Users/csev/htdocs/py4e/whisper/whisper-batch.log
TXT_DIR=/Users/csev/htdocs/py4e/whisper/txt
VTT_DIR=/Users/csev/htdocs/py4e/whisper/vtt
SRT_DIR=/Users/csev/htdocs/py4e/whisper/srt
TMP_DIR=/Users/csev/htdocs/py4e/whisper/.whisper-tmp
RUN_TMP_DIR=/Users/csev/htdocs/py4e/whisper/.whisper-tmp/run-31163
SUPPORTS_PROMPT=1
FORCE=0
QUIET_WHISPER=1
==================================================
SKIP: 00-Install/00-Install-M-EX-Windows.m4v (found existing transcript)
SKIP: 00-Install/00-Install-N-EX-MacOS.m4v (found existing transcript)
SKIP: 00-Install/00-Install-O-EX-win-project.mp4 (found existing transcript)
SKIP: 00-Install/00-Install-P-EX-Python3-Mac.mov (found existing transcript)
SKIP: 01-Intro/01-Intro-A.m4v (found existing transcript)
SKIP: 01-Intro/01-Intro-B.m4v (found existing transcript)
SKIP: 01-Intro/01-Intro-C.m4v (found existing transcript)
SKIP: 01-Intro/01-Intro-D.m4v (found existing transcript)
SKIP: 01-Intro/01-Intro-M-EX-hello.mp4 (found existing transcript)
SKIP: 02-Expressions/02-Expressions-A.m4v (found existing transcript)
SKIP: 02-Expressions/02-Expressions-B.m4v (found existing transcript)
SKIP: 02-Expressions/02-Expressions-M-EX-02-02.mp4 (found existing transcript)
SKIP: 02-Expressions/02-Expressions-N-EX-02-03.mp4 (found existing transcript)
SKIP: 03-Conditional/03-Conditional-A.m4v (found existing transcript)
SKIP: 03-Conditional/03-Conditional-B.m4v (found existing transcript)
SKIP: 03-Conditional/03-Conditional-M-EX-03-01.mp4 (found existing transcript)
SKIP: 03-Conditional/03-Conditional-N-EX-03-02.mp4 (found existing transcript)
SKIP: 04-Functions/04-Functions-A.m4v (found existing transcript)
SKIP: 04-Functions/04-Functions-B.m4v (found existing transcript)
SKIP: 04-Functions/04-Functions-M-EX-04-06.mp4 (found existing transcript)
SKIP: 05-Iterations/05-Iterations-A.m4v (found existing transcript)
SKIP: 05-Iterations/05-Iterations-B.m4v (found existing transcript)
SKIP: 05-Iterations/05-Iterations-C.m4v (found existing transcript)
SKIP: 05-Iterations/05-Iterations-D.m4v (found existing transcript)
SKIP: 05-Iterations/05-Iterations-M-EX-05-01.mp4 (found existing transcript)
SKIP: 06-Strings/06-Strings-A.m4v (found existing transcript)
SKIP: 06-Strings/06-Strings-B.m4v (found existing transcript)
SKIP: 06-Strings/06-Strings-M-EX-06-05.mp4 (found existing transcript)
SKIP: 07-Files/07-Files-A.m4v (found existing transcript)
SKIP: 07-Files/07-Files-B.m4v (found existing transcript)
SKIP: 07-Files/07-Files-M-EX-07-01.mp4 (found existing transcript)
SKIP: 08-Lists/08-Lists-A.m4v (found existing transcript)
SKIP: 08-Lists/08-Lists-B.m4v (found existing transcript)
SKIP: 08-Lists/08-Lists-C.m4v (found existing transcript)
SKIP: 08-Lists/08-Lists-M-EX.mov (found existing transcript)
SKIP: 09-Dictionaries/09-Dictionaries-A.m4v (found existing transcript)
SKIP: 09-Dictionaries/09-Dictionaries-B.m4v (found existing transcript)
SKIP: 09-Dictionaries/09-Dictionaries-C.m4v (found existing transcript)
SKIP: 09-Dictionaries/09-Dictionaries-M-EX.m4v (found existing transcript)
SKIP: 10-Tuples/10-Tuples-A.m4v (found existing transcript)
SKIP: 10-Tuples/10-Tuples-B.m4v (found existing transcript)
SKIP: 10-Tuples/10-Tuples-M-EX.m4v (found existing transcript)
SKIP: 11-RegEx/11-RegEx-A.m4v (found existing transcript)
SKIP: 11-RegEx/11-RegEx-B.m4v (found existing transcript)
SKIP: 11-RegEx/11-RegEx-C.m4v (found existing transcript)
SKIP: 12-HTTP/12-HTTP-A.mov (found existing transcript)
SKIP: 12-HTTP/12-HTTP-B.m4v (found existing transcript)
SKIP: 12-HTTP/12-HTTP-C.mov (found existing transcript)
SKIP: 12-HTTP/12-HTTP-D.mov (found existing transcript)
SKIP: 12-HTTP/12-HTTP-E.mov (found existing transcript)
SKIP: 12-HTTP/12-HTTP-F.mov (found existing transcript)
SKIP: 12-HTTP/12-HTTP-M-EX-socket1.mov (found existing transcript)
SKIP: 12-HTTP/12-HTTP-N-EX-urllib.mov (found existing transcript)
SKIP: 12-HTTP/12-HTTP-O-EX-urllinks.mov (found existing transcript)
SKIP: 13-Web-Services/13-Web-Services-A.mov (found existing transcript)
SKIP: 13-Web-Services/13-Web-Services-B.mov (found existing transcript)
SKIP: 13-Web-Services/13-Web-Services-C.mov (found existing transcript)
SKIP: 13-Web-Services/13-Web-Services-D.mov (found existing transcript)
SKIP: 13-Web-Services/13-Web-Services-E.mov (found existing transcript)
SKIP: 13-Web-Services/13-Web-Services-F.m4v (found existing transcript)
SKIP: 13-Web-Services/13-Web-Services-M-EX-XML.mov (found existing transcript)
SKIP: 13-Web-Services/13-Web-Services-N-EX-JSON.mov (found existing transcript)
SKIP: 13-Web-Services/13-Web-Services-O-EX-OpenGeo.m4v (found existing transcript)
SKIP: 14-Objects/14-Objects-A.mov (found existing transcript)
SKIP: 14-Objects/14-Objects-B.m4v (found existing transcript)
SKIP: 14-Objects/14-Objects-C.m4v (found existing transcript)
SKIP: 14-Objects/14-Objects-D.m4v (found existing transcript)
SKIP: 15-Databases/15-Databases-A.mov (found existing transcript)
SKIP: 15-Databases/15-Databases-B.mov (found existing transcript)
SKIP: 15-Databases/15-Databases-C.mov (found existing transcript)

==================================================
MEDIA: 15-Databases/15-Databases-D.mov
OUTPUT STEM: 15-Databases/15-Databases-D
STEP 1: Extracting audio with ffmpeg...
STEP 2: Running whisper-cli...
whisper_init_from_file_with_params_no_state: loading model from '/Users/csev/models/ggml-medium.bin'
whisper_init_with_params_no_state: use gpu    = 1
whisper_init_with_params_no_state: flash attn = 1
whisper_init_with_params_no_state: gpu_device = 0
whisper_init_with_params_no_state: dtw        = 0
ggml_metal_device_init: tensor API disabled for pre-M5 and pre-A19 devices
ggml_metal_library_init: using embedded metal library
ggml_metal_library_init: loaded in 0.007 sec
ggml_metal_rsets_init: creating a residency set collection (keep_alive = 180 s)
ggml_metal_device_init: GPU name:   Apple M1 Pro
ggml_metal_device_init: GPU family: MTLGPUFamilyApple7  (1007)
ggml_metal_device_init: GPU family: MTLGPUFamilyCommon3 (3003)
ggml_metal_device_init: GPU family: MTLGPUFamilyMetal4  (5002)
ggml_metal_device_init: simdgroup reduction   = true
ggml_metal_device_init: simdgroup matrix mul. = true
ggml_metal_device_init: has unified memory    = true
ggml_metal_device_init: has bfloat            = true
ggml_metal_device_init: has tensor            = false
ggml_metal_device_init: use residency sets    = true
ggml_metal_device_init: use shared buffers    = true
ggml_metal_device_init: recommendedMaxWorkingSetSize  = 26800.60 MB
whisper_init_with_params_no_state: devices    = 3
whisper_init_with_params_no_state: backends   = 3
whisper_model_load: loading model
whisper_model_load: n_vocab       = 51865
whisper_model_load: n_audio_ctx   = 1500
whisper_model_load: n_audio_state = 1024
whisper_model_load: n_audio_head  = 16
whisper_model_load: n_audio_layer = 24
whisper_model_load: n_text_ctx    = 448
whisper_model_load: n_text_state  = 1024
whisper_model_load: n_text_head   = 16
whisper_model_load: n_text_layer  = 24
whisper_model_load: n_mels        = 80
whisper_model_load: ftype         = 1
whisper_model_load: qntvr         = 0
whisper_model_load: type          = 4 (medium)
whisper_model_load: adding 1608 extra tokens
whisper_model_load: n_langs       = 99
whisper_model_load:        Metal total size =  1533.14 MB
whisper_model_load: model size    = 1533.14 MB
whisper_backend_init_gpu: device 0: Metal (type: 1)
whisper_backend_init_gpu: found GPU device 0: Metal (type: 1, cnt: 0)
whisper_backend_init_gpu: using Metal backend
ggml_metal_init: allocating
ggml_metal_init: found device: Apple M1 Pro
ggml_metal_init: picking default device: Apple M1 Pro
ggml_metal_init: use fusion         = true
ggml_metal_init: use concurrency    = true
ggml_metal_init: use graph optimize = true
whisper_backend_init: using BLAS backend
whisper_init_state: kv self size  =   50.33 MB
whisper_init_state: kv cross size =  150.99 MB
whisper_init_state: kv pad  size  =    6.29 MB
whisper_init_state: compute buffer (conv)   =   29.53 MB
whisper_init_state: compute buffer (encode) =   53.12 MB
whisper_init_state: compute buffer (cross)  =   20.02 MB
whisper_init_state: compute buffer (decode) =   99.12 MB

system_info: n_threads = 4 / 10 | WHISPER : COREML = 0 | OPENVINO = 0 | Metal : EMBED_LIBRARY = 1 | CPU : NEON = 1 | ARM_FMA = 1 | FP16_VA = 1 | DOTPROD = 1 | ACCELERATE = 1 | REPACK = 1 | 

main: processing '/Users/csev/htdocs/py4e/whisper/.whisper-tmp/run-31163/work-15-Databases__15-Databases-D/audio.wav' (3924730 samples, 245.3 sec), 4 threads, 1 processors, 5 beams + best of 5, lang = en, task = transcribe, timestamps = 1 ...

output_txt: saving output to '/Users/csev/htdocs/py4e/whisper/.whisper-tmp/run-31163/work-15-Databases__15-Databases-D/output.txt'
output_vtt: saving output to '/Users/csev/htdocs/py4e/whisper/.whisper-tmp/run-31163/work-15-Databases__15-Databases-D/output.vtt'
output_srt: saving output to '/Users/csev/htdocs/py4e/whisper/.whisper-tmp/run-31163/work-15-Databases__15-Databases-D/output.srt'

whisper_print_timings:     load time =   470.21 ms
whisper_print_timings:     fallbacks =   0 p /   0 h
whisper_print_timings:      mel time =    92.13 ms
whisper_print_timings:   sample time =  1620.98 ms /  5855 runs (     0.28 ms per run)
whisper_print_timings:   encode time =  3712.38 ms /     9 runs (   412.49 ms per run)
whisper_print_timings:   decode time =    19.07 ms /     2 runs (     9.53 ms per run)
whisper_print_timings:   batchd time = 14660.09 ms /  5808 runs (     2.52 ms per run)
whisper_print_timings:   prompt time =   712.49 ms /  2043 runs (     0.35 ms per run)
whisper_print_timings:    total time = 21515.50 ms
ggml_metal_free: deallocating
CLEANUP: /Users/csev/htdocs/py4e/whisper/.whisper-tmp/run-31163/work-15-Databases__15-Databases-D/output.txt
Replacements:
  /Users/csev/htdocs/py4e/whisper/py4e-whisper-replacements.txt
Files: 1
UPDATED: /Users/csev/htdocs/py4e/whisper/.whisper-tmp/run-31163/work-15-Databases__15-Databases-D/output.txt
Replacement counts:
  gonna => going to (6)
  gotta => got to (1)
  wanna => want to (2)
CLEANUP: /Users/csev/htdocs/py4e/whisper/.whisper-tmp/run-31163/work-15-Databases__15-Databases-D/output.vtt
Replacements:
  /Users/csev/htdocs/py4e/whisper/py4e-whisper-replacements.txt
Files: 1
UPDATED: /Users/csev/htdocs/py4e/whisper/.whisper-tmp/run-31163/work-15-Databases__15-Databases-D/output.vtt
Replacement counts:
  gonna => going to (6)
  gotta => got to (1)
  wanna => want to (2)
CLEANUP: /Users/csev/htdocs/py4e/whisper/.whisper-tmp/run-31163/work-15-Databases__15-Databases-D/output.srt
Replacements:
  /Users/csev/htdocs/py4e/whisper/py4e-whisper-replacements.txt
Files: 1
UPDATED: /Users/csev/htdocs/py4e/whisper/.whisper-tmp/run-31163/work-15-Databases__15-Databases-D/output.srt
Replacement counts:
  gonna => going to (6)
  gotta => got to (1)
  wanna => want to (2)
DONE: 15-Databases/15-Databases-D.mov
TIMING:
  FFMPEG : 00:00:00
  WHISPER: 00:00:22
  TOTAL  : 00:00:22

==================================================
MEDIA: 15-Databases/15-Databases-E.mov
OUTPUT STEM: 15-Databases/15-Databases-E
STEP 1: Extracting audio with ffmpeg...
STEP 2: Running whisper-cli...
whisper_init_from_file_with_params_no_state: loading model from '/Users/csev/models/ggml-medium.bin'
whisper_init_with_params_no_state: use gpu    = 1
whisper_init_with_params_no_state: flash attn = 1
whisper_init_with_params_no_state: gpu_device = 0
whisper_init_with_params_no_state: dtw        = 0
ggml_metal_device_init: tensor API disabled for pre-M5 and pre-A19 devices
ggml_metal_library_init: using embedded metal library
ggml_metal_library_init: loaded in 0.007 sec
ggml_metal_rsets_init: creating a residency set collection (keep_alive = 180 s)
ggml_metal_device_init: GPU name:   Apple M1 Pro
ggml_metal_device_init: GPU family: MTLGPUFamilyApple7  (1007)
ggml_metal_device_init: GPU family: MTLGPUFamilyCommon3 (3003)
ggml_metal_device_init: GPU family: MTLGPUFamilyMetal4  (5002)
ggml_metal_device_init: simdgroup reduction   = true
ggml_metal_device_init: simdgroup matrix mul. = true
ggml_metal_device_init: has unified memory    = true
ggml_metal_device_init: has bfloat            = true
ggml_metal_device_init: has tensor            = false
ggml_metal_device_init: use residency sets    = true
ggml_metal_device_init: use shared buffers    = true
ggml_metal_device_init: recommendedMaxWorkingSetSize  = 26800.60 MB
whisper_init_with_params_no_state: devices    = 3
whisper_init_with_params_no_state: backends   = 3
whisper_model_load: loading model
whisper_model_load: n_vocab       = 51865
whisper_model_load: n_audio_ctx   = 1500
whisper_model_load: n_audio_state = 1024
whisper_model_load: n_audio_head  = 16
whisper_model_load: n_audio_layer = 24
whisper_model_load: n_text_ctx    = 448
whisper_model_load: n_text_state  = 1024
whisper_model_load: n_text_head   = 16
whisper_model_load: n_text_layer  = 24
whisper_model_load: n_mels        = 80
whisper_model_load: ftype         = 1
whisper_model_load: qntvr         = 0
whisper_model_load: type          = 4 (medium)
whisper_model_load: adding 1608 extra tokens
whisper_model_load: n_langs       = 99
whisper_model_load:        Metal total size =  1533.14 MB
whisper_model_load: model size    = 1533.14 MB
whisper_backend_init_gpu: device 0: Metal (type: 1)
whisper_backend_init_gpu: found GPU device 0: Metal (type: 1, cnt: 0)
whisper_backend_init_gpu: using Metal backend
ggml_metal_init: allocating
ggml_metal_init: found device: Apple M1 Pro
ggml_metal_init: picking default device: Apple M1 Pro
ggml_metal_init: use fusion         = true
ggml_metal_init: use concurrency    = true
ggml_metal_init: use graph optimize = true
whisper_backend_init: using BLAS backend
whisper_init_state: kv self size  =   50.33 MB
whisper_init_state: kv cross size =  150.99 MB
whisper_init_state: kv pad  size  =    6.29 MB
whisper_init_state: compute buffer (conv)   =   29.53 MB
whisper_init_state: compute buffer (encode) =   53.12 MB
whisper_init_state: compute buffer (cross)  =   20.02 MB
whisper_init_state: compute buffer (decode) =   99.12 MB

system_info: n_threads = 4 / 10 | WHISPER : COREML = 0 | OPENVINO = 0 | Metal : EMBED_LIBRARY = 1 | CPU : NEON = 1 | ARM_FMA = 1 | FP16_VA = 1 | DOTPROD = 1 | ACCELERATE = 1 | REPACK = 1 | 

main: processing '/Users/csev/htdocs/py4e/whisper/.whisper-tmp/run-31163/work-15-Databases__15-Databases-E/audio.wav' (11067188 samples, 691.7 sec), 4 threads, 1 processors, 5 beams + best of 5, lang = en, task = transcribe, timestamps = 1 ...

output_txt: saving output to '/Users/csev/htdocs/py4e/whisper/.whisper-tmp/run-31163/work-15-Databases__15-Databases-E/output.txt'
output_vtt: saving output to '/Users/csev/htdocs/py4e/whisper/.whisper-tmp/run-31163/work-15-Databases__15-Databases-E/output.vtt'
output_srt: saving output to '/Users/csev/htdocs/py4e/whisper/.whisper-tmp/run-31163/work-15-Databases__15-Databases-E/output.srt'

whisper_print_timings:     load time =   509.17 ms
whisper_print_timings:     fallbacks =   0 p /   0 h
whisper_print_timings:      mel time =   258.29 ms
whisper_print_timings:   sample time =  4091.48 ms / 14607 runs (     0.28 ms per run)
whisper_print_timings:   encode time = 10711.41 ms /    26 runs (   411.98 ms per run)
whisper_print_timings:   decode time =   301.99 ms /    31 runs (     9.74 ms per run)
whisper_print_timings:   batchd time = 36948.04 ms / 14446 runs (     2.56 ms per run)
whisper_print_timings:   prompt time =  2051.78 ms /  5902 runs (     0.35 ms per run)
whisper_print_timings:    total time = 55444.17 ms
ggml_metal_free: deallocating
CLEANUP: /Users/csev/htdocs/py4e/whisper/.whisper-tmp/run-31163/work-15-Databases__15-Databases-E/output.txt
Replacements:
  /Users/csev/htdocs/py4e/whisper/py4e-whisper-replacements.txt
Files: 1
CLEANUP: /Users/csev/htdocs/py4e/whisper/.whisper-tmp/run-31163/work-15-Databases__15-Databases-E/output.vtt
Replacements:
  /Users/csev/htdocs/py4e/whisper/py4e-whisper-replacements.txt
Files: 1
CLEANUP: /Users/csev/htdocs/py4e/whisper/.whisper-tmp/run-31163/work-15-Databases__15-Databases-E/output.srt
Replacements:
  /Users/csev/htdocs/py4e/whisper/py4e-whisper-replacements.txt
Files: 1
DONE: 15-Databases/15-Databases-E.mov
TIMING:
  FFMPEG : 00:00:01
  WHISPER: 00:00:56
  TOTAL  : 00:00:57

==================================================
MEDIA: 15-Databases/15-Databases-F.mov
OUTPUT STEM: 15-Databases/15-Databases-F
STEP 1: Extracting audio with ffmpeg...
STEP 2: Running whisper-cli...
whisper_init_from_file_with_params_no_state: loading model from '/Users/csev/models/ggml-medium.bin'
whisper_init_with_params_no_state: use gpu    = 1
whisper_init_with_params_no_state: flash attn = 1
whisper_init_with_params_no_state: gpu_device = 0
whisper_init_with_params_no_state: dtw        = 0
ggml_metal_device_init: tensor API disabled for pre-M5 and pre-A19 devices
ggml_metal_library_init: using embedded metal library
ggml_metal_library_init: loaded in 0.007 sec
ggml_metal_rsets_init: creating a residency set collection (keep_alive = 180 s)
ggml_metal_device_init: GPU name:   Apple M1 Pro
ggml_metal_device_init: GPU family: MTLGPUFamilyApple7  (1007)
ggml_metal_device_init: GPU family: MTLGPUFamilyCommon3 (3003)
ggml_metal_device_init: GPU family: MTLGPUFamilyMetal4  (5002)
ggml_metal_device_init: simdgroup reduction   = true
ggml_metal_device_init: simdgroup matrix mul. = true
ggml_metal_device_init: has unified memory    = true
ggml_metal_device_init: has bfloat            = true
ggml_metal_device_init: has tensor            = false
ggml_metal_device_init: use residency sets    = true
ggml_metal_device_init: use shared buffers    = true
ggml_metal_device_init: recommendedMaxWorkingSetSize  = 26800.60 MB
whisper_init_with_params_no_state: devices    = 3
whisper_init_with_params_no_state: backends   = 3
whisper_model_load: loading model
whisper_model_load: n_vocab       = 51865
whisper_model_load: n_audio_ctx   = 1500
whisper_model_load: n_audio_state = 1024
whisper_model_load: n_audio_head  = 16
whisper_model_load: n_audio_layer = 24
whisper_model_load: n_text_ctx    = 448
whisper_model_load: n_text_state  = 1024
whisper_model_load: n_text_head   = 16
whisper_model_load: n_text_layer  = 24
whisper_model_load: n_mels        = 80
whisper_model_load: ftype         = 1
whisper_model_load: qntvr         = 0
whisper_model_load: type          = 4 (medium)
whisper_model_load: adding 1608 extra tokens
whisper_model_load: n_langs       = 99
whisper_model_load:        Metal total size =  1533.14 MB
whisper_model_load: model size    = 1533.14 MB
whisper_backend_init_gpu: device 0: Metal (type: 1)
whisper_backend_init_gpu: found GPU device 0: Metal (type: 1, cnt: 0)
whisper_backend_init_gpu: using Metal backend
ggml_metal_init: allocating
ggml_metal_init: found device: Apple M1 Pro
ggml_metal_init: picking default device: Apple M1 Pro
ggml_metal_init: use fusion         = true
ggml_metal_init: use concurrency    = true
ggml_metal_init: use graph optimize = true
whisper_backend_init: using BLAS backend
whisper_init_state: kv self size  =   50.33 MB
whisper_init_state: kv cross size =  150.99 MB
whisper_init_state: kv pad  size  =    6.29 MB
whisper_init_state: compute buffer (conv)   =   29.53 MB
whisper_init_state: compute buffer (encode) =   53.12 MB
whisper_init_state: compute buffer (cross)  =   20.02 MB
whisper_init_state: compute buffer (decode) =   99.12 MB

system_info: n_threads = 4 / 10 | WHISPER : COREML = 0 | OPENVINO = 0 | Metal : EMBED_LIBRARY = 1 | CPU : NEON = 1 | ARM_FMA = 1 | FP16_VA = 1 | DOTPROD = 1 | ACCELERATE = 1 | REPACK = 1 | 

main: processing '/Users/csev/htdocs/py4e/whisper/.whisper-tmp/run-31163/work-15-Databases__15-Databases-F/audio.wav' (10079690 samples, 630.0 sec), 4 threads, 1 processors, 5 beams + best of 5, lang = en, task = transcribe, timestamps = 1 ...

output_txt: saving output to '/Users/csev/htdocs/py4e/whisper/.whisper-tmp/run-31163/work-15-Databases__15-Databases-F/output.txt'
output_vtt: saving output to '/Users/csev/htdocs/py4e/whisper/.whisper-tmp/run-31163/work-15-Databases__15-Databases-F/output.vtt'
output_srt: saving output to '/Users/csev/htdocs/py4e/whisper/.whisper-tmp/run-31163/work-15-Databases__15-Databases-F/output.srt'

whisper_print_timings:     load time =   482.83 ms
whisper_print_timings:     fallbacks =   0 p /   0 h
whisper_print_timings:      mel time =   235.24 ms
whisper_print_timings:   sample time =  3556.94 ms / 12646 runs (     0.28 ms per run)
whisper_print_timings:   encode time =  9472.70 ms /    23 runs (   411.86 ms per run)
whisper_print_timings:   decode time =   426.55 ms /    44 runs (     9.69 ms per run)
whisper_print_timings:   batchd time = 31614.61 ms / 12487 runs (     2.53 ms per run)
whisper_print_timings:   prompt time =  1815.32 ms /  5221 runs (     0.35 ms per run)
whisper_print_timings:    total time = 48122.19 ms
ggml_metal_free: deallocating
CLEANUP: /Users/csev/htdocs/py4e/whisper/.whisper-tmp/run-31163/work-15-Databases__15-Databases-F/output.txt
Replacements:
  /Users/csev/htdocs/py4e/whisper/py4e-whisper-replacements.txt
Files: 1
UPDATED: /Users/csev/htdocs/py4e/whisper/.whisper-tmp/run-31163/work-15-Databases__15-Databases-F/output.txt
Replacement counts:
  'cause => because (1)
  gonna => going to (12)
  gotta => got to (1)
  wanna => want to (1)
CLEANUP: /Users/csev/htdocs/py4e/whisper/.whisper-tmp/run-31163/work-15-Databases__15-Databases-F/output.vtt
Replacements:
  /Users/csev/htdocs/py4e/whisper/py4e-whisper-replacements.txt
Files: 1
UPDATED: /Users/csev/htdocs/py4e/whisper/.whisper-tmp/run-31163/work-15-Databases__15-Databases-F/output.vtt
Replacement counts:
  'cause => because (1)
  gonna => going to (12)
  gotta => got to (1)
  wanna => want to (1)
CLEANUP: /Users/csev/htdocs/py4e/whisper/.whisper-tmp/run-31163/work-15-Databases__15-Databases-F/output.srt
Replacements:
  /Users/csev/htdocs/py4e/whisper/py4e-whisper-replacements.txt
Files: 1
UPDATED: /Users/csev/htdocs/py4e/whisper/.whisper-tmp/run-31163/work-15-Databases__15-Databases-F/output.srt
Replacement counts:
  'cause => because (1)
  gonna => going to (12)
  gotta => got to (1)
  wanna => want to (1)
DONE: 15-Databases/15-Databases-F.mov
TIMING:
  FFMPEG : 00:00:01
  WHISPER: 00:00:48
  TOTAL  : 00:00:49

==================================================
MEDIA: 15-Databases/15-Databases-G.mov
OUTPUT STEM: 15-Databases/15-Databases-G
STEP 1: Extracting audio with ffmpeg...
STEP 2: Running whisper-cli...
whisper_init_from_file_with_params_no_state: loading model from '/Users/csev/models/ggml-medium.bin'
whisper_init_with_params_no_state: use gpu    = 1
whisper_init_with_params_no_state: flash attn = 1
whisper_init_with_params_no_state: gpu_device = 0
whisper_init_with_params_no_state: dtw        = 0
ggml_metal_device_init: tensor API disabled for pre-M5 and pre-A19 devices
ggml_metal_library_init: using embedded metal library
ggml_metal_library_init: loaded in 0.007 sec
ggml_metal_rsets_init: creating a residency set collection (keep_alive = 180 s)
ggml_metal_device_init: GPU name:   Apple M1 Pro
ggml_metal_device_init: GPU family: MTLGPUFamilyApple7  (1007)
ggml_metal_device_init: GPU family: MTLGPUFamilyCommon3 (3003)
ggml_metal_device_init: GPU family: MTLGPUFamilyMetal4  (5002)
ggml_metal_device_init: simdgroup reduction   = true
ggml_metal_device_init: simdgroup matrix mul. = true
ggml_metal_device_init: has unified memory    = true
ggml_metal_device_init: has bfloat            = true
ggml_metal_device_init: has tensor            = false
ggml_metal_device_init: use residency sets    = true
ggml_metal_device_init: use shared buffers    = true
ggml_metal_device_init: recommendedMaxWorkingSetSize  = 26800.60 MB
whisper_init_with_params_no_state: devices    = 3
whisper_init_with_params_no_state: backends   = 3
whisper_model_load: loading model
whisper_model_load: n_vocab       = 51865
whisper_model_load: n_audio_ctx   = 1500
whisper_model_load: n_audio_state = 1024
whisper_model_load: n_audio_head  = 16
whisper_model_load: n_audio_layer = 24
whisper_model_load: n_text_ctx    = 448
whisper_model_load: n_text_state  = 1024
whisper_model_load: n_text_head   = 16
whisper_model_load: n_text_layer  = 24
whisper_model_load: n_mels        = 80
whisper_model_load: ftype         = 1
whisper_model_load: qntvr         = 0
whisper_model_load: type          = 4 (medium)
whisper_model_load: adding 1608 extra tokens
whisper_model_load: n_langs       = 99
whisper_model_load:        Metal total size =  1533.14 MB
whisper_model_load: model size    = 1533.14 MB
whisper_backend_init_gpu: device 0: Metal (type: 1)
whisper_backend_init_gpu: found GPU device 0: Metal (type: 1, cnt: 0)
whisper_backend_init_gpu: using Metal backend
ggml_metal_init: allocating
ggml_metal_init: found device: Apple M1 Pro
ggml_metal_init: picking default device: Apple M1 Pro
ggml_metal_init: use fusion         = true
ggml_metal_init: use concurrency    = true
ggml_metal_init: use graph optimize = true
whisper_backend_init: using BLAS backend
whisper_init_state: kv self size  =   50.33 MB
whisper_init_state: kv cross size =  150.99 MB
whisper_init_state: kv pad  size  =    6.29 MB
whisper_init_state: compute buffer (conv)   =   29.53 MB
whisper_init_state: compute buffer (encode) =   53.12 MB
whisper_init_state: compute buffer (cross)  =   20.02 MB
whisper_init_state: compute buffer (decode) =   99.12 MB

system_info: n_threads = 4 / 10 | WHISPER : COREML = 0 | OPENVINO = 0 | Metal : EMBED_LIBRARY = 1 | CPU : NEON = 1 | ARM_FMA = 1 | FP16_VA = 1 | DOTPROD = 1 | ACCELERATE = 1 | REPACK = 1 | 

main: processing '/Users/csev/htdocs/py4e/whisper/.whisper-tmp/run-31163/work-15-Databases__15-Databases-G/audio.wav' (12692213 samples, 793.3 sec), 4 threads, 1 processors, 5 beams + best of 5, lang = en, task = transcribe, timestamps = 1 ...

output_txt: saving output to '/Users/csev/htdocs/py4e/whisper/.whisper-tmp/run-31163/work-15-Databases__15-Databases-G/output.txt'
output_vtt: saving output to '/Users/csev/htdocs/py4e/whisper/.whisper-tmp/run-31163/work-15-Databases__15-Databases-G/output.vtt'
output_srt: saving output to '/Users/csev/htdocs/py4e/whisper/.whisper-tmp/run-31163/work-15-Databases__15-Databases-G/output.srt'

whisper_print_timings:     load time =   482.70 ms
whisper_print_timings:     fallbacks =   0 p /   0 h
whisper_print_timings:      mel time =   295.57 ms
whisper_print_timings:   sample time =  4140.84 ms / 14652 runs (     0.28 ms per run)
whisper_print_timings:   encode time = 12790.63 ms /    31 runs (   412.60 ms per run)
whisper_print_timings:   decode time =   530.44 ms /    55 runs (     9.64 ms per run)
whisper_print_timings:   batchd time = 36350.09 ms / 14445 runs (     2.52 ms per run)
whisper_print_timings:   prompt time =  2382.05 ms /  6810 runs (     0.35 ms per run)
whisper_print_timings:    total time = 57637.48 ms
ggml_metal_free: deallocating
CLEANUP: /Users/csev/htdocs/py4e/whisper/.whisper-tmp/run-31163/work-15-Databases__15-Databases-G/output.txt
Replacements:
  /Users/csev/htdocs/py4e/whisper/py4e-whisper-replacements.txt
Files: 1
CLEANUP: /Users/csev/htdocs/py4e/whisper/.whisper-tmp/run-31163/work-15-Databases__15-Databases-G/output.vtt
Replacements:
  /Users/csev/htdocs/py4e/whisper/py4e-whisper-replacements.txt
Files: 1
CLEANUP: /Users/csev/htdocs/py4e/whisper/.whisper-tmp/run-31163/work-15-Databases__15-Databases-G/output.srt
Replacements:
  /Users/csev/htdocs/py4e/whisper/py4e-whisper-replacements.txt
Files: 1
DONE: 15-Databases/15-Databases-G.mov
TIMING:
  FFMPEG : 00:00:01
  WHISPER: 00:00:58
  TOTAL  : 00:00:59

==================================================
MEDIA: 15-Databases/15-Databases-M-EX-Email.mov
OUTPUT STEM: 15-Databases/15-Databases-M-EX-Email
STEP 1: Extracting audio with ffmpeg...
STEP 2: Running whisper-cli...
whisper_init_from_file_with_params_no_state: loading model from '/Users/csev/models/ggml-medium.bin'
whisper_init_with_params_no_state: use gpu    = 1
whisper_init_with_params_no_state: flash attn = 1
whisper_init_with_params_no_state: gpu_device = 0
whisper_init_with_params_no_state: dtw        = 0
ggml_metal_device_init: tensor API disabled for pre-M5 and pre-A19 devices
ggml_metal_library_init: using embedded metal library
ggml_metal_library_init: loaded in 0.007 sec
ggml_metal_rsets_init: creating a residency set collection (keep_alive = 180 s)
ggml_metal_device_init: GPU name:   Apple M1 Pro
ggml_metal_device_init: GPU family: MTLGPUFamilyApple7  (1007)
ggml_metal_device_init: GPU family: MTLGPUFamilyCommon3 (3003)
ggml_metal_device_init: GPU family: MTLGPUFamilyMetal4  (5002)
ggml_metal_device_init: simdgroup reduction   = true
ggml_metal_device_init: simdgroup matrix mul. = true
ggml_metal_device_init: has unified memory    = true
ggml_metal_device_init: has bfloat            = true
ggml_metal_device_init: has tensor            = false
ggml_metal_device_init: use residency sets    = true
ggml_metal_device_init: use shared buffers    = true
ggml_metal_device_init: recommendedMaxWorkingSetSize  = 26800.60 MB
whisper_init_with_params_no_state: devices    = 3
whisper_init_with_params_no_state: backends   = 3
whisper_model_load: loading model
whisper_model_load: n_vocab       = 51865
whisper_model_load: n_audio_ctx   = 1500
whisper_model_load: n_audio_state = 1024
whisper_model_load: n_audio_head  = 16
whisper_model_load: n_audio_layer = 24
whisper_model_load: n_text_ctx    = 448
whisper_model_load: n_text_state  = 1024
whisper_model_load: n_text_head   = 16
whisper_model_load: n_text_layer  = 24
whisper_model_load: n_mels        = 80
whisper_model_load: ftype         = 1
whisper_model_load: qntvr         = 0
whisper_model_load: type          = 4 (medium)
whisper_model_load: adding 1608 extra tokens
whisper_model_load: n_langs       = 99
whisper_model_load:        Metal total size =  1533.14 MB
whisper_model_load: model size    = 1533.14 MB
whisper_backend_init_gpu: device 0: Metal (type: 1)
whisper_backend_init_gpu: found GPU device 0: Metal (type: 1, cnt: 0)
whisper_backend_init_gpu: using Metal backend
ggml_metal_init: allocating
ggml_metal_init: found device: Apple M1 Pro
ggml_metal_init: picking default device: Apple M1 Pro
ggml_metal_init: use fusion         = true
ggml_metal_init: use concurrency    = true
ggml_metal_init: use graph optimize = true
whisper_backend_init: using BLAS backend
whisper_init_state: kv self size  =   50.33 MB
whisper_init_state: kv cross size =  150.99 MB
whisper_init_state: kv pad  size  =    6.29 MB
whisper_init_state: compute buffer (conv)   =   29.53 MB
whisper_init_state: compute buffer (encode) =   53.12 MB
whisper_init_state: compute buffer (cross)  =   20.02 MB
whisper_init_state: compute buffer (decode) =   99.12 MB

system_info: n_threads = 4 / 10 | WHISPER : COREML = 0 | OPENVINO = 0 | Metal : EMBED_LIBRARY = 1 | CPU : NEON = 1 | ARM_FMA = 1 | FP16_VA = 1 | DOTPROD = 1 | ACCELERATE = 1 | REPACK = 1 | 

main: processing '/Users/csev/htdocs/py4e/whisper/.whisper-tmp/run-31163/work-15-Databases__15-Databases-M-EX-Email/audio.wav' (13103485 samples, 819.0 sec), 4 threads, 1 processors, 5 beams + best of 5, lang = en, task = transcribe, timestamps = 1 ...

output_txt: saving output to '/Users/csev/htdocs/py4e/whisper/.whisper-tmp/run-31163/work-15-Databases__15-Databases-M-EX-Email/output.txt'
output_vtt: saving output to '/Users/csev/htdocs/py4e/whisper/.whisper-tmp/run-31163/work-15-Databases__15-Databases-M-EX-Email/output.vtt'
output_srt: saving output to '/Users/csev/htdocs/py4e/whisper/.whisper-tmp/run-31163/work-15-Databases__15-Databases-M-EX-Email/output.srt'

whisper_print_timings:     load time =   499.78 ms
whisper_print_timings:     fallbacks =   0 p /   0 h
whisper_print_timings:      mel time =   307.84 ms
whisper_print_timings:   sample time =  4959.19 ms / 17381 runs (     0.29 ms per run)
whisper_print_timings:   encode time = 11935.42 ms /    29 runs (   411.57 ms per run)
whisper_print_timings:   decode time =   765.04 ms /    79 runs (     9.68 ms per run)
whisper_print_timings:   batchd time = 43214.05 ms / 17157 runs (     2.52 ms per run)
whisper_print_timings:   prompt time =  2292.06 ms /  6583 runs (     0.35 ms per run)
whisper_print_timings:    total time = 64615.67 ms
ggml_metal_free: deallocating
CLEANUP: /Users/csev/htdocs/py4e/whisper/.whisper-tmp/run-31163/work-15-Databases__15-Databases-M-EX-Email/output.txt
Replacements:
  /Users/csev/htdocs/py4e/whisper/py4e-whisper-replacements.txt
Files: 1
UPDATED: /Users/csev/htdocs/py4e/whisper/.whisper-tmp/run-31163/work-15-Databases__15-Databases-M-EX-Email/output.txt
Replacement counts:
  gonna => going to (35)
  gotta => got to (1)
  wanna => want to (2)
CLEANUP: /Users/csev/htdocs/py4e/whisper/.whisper-tmp/run-31163/work-15-Databases__15-Databases-M-EX-Email/output.vtt
Replacements:
  /Users/csev/htdocs/py4e/whisper/py4e-whisper-replacements.txt
Files: 1
UPDATED: /Users/csev/htdocs/py4e/whisper/.whisper-tmp/run-31163/work-15-Databases__15-Databases-M-EX-Email/output.vtt
Replacement counts:
  gonna => going to (35)
  gotta => got to (1)
  wanna => want to (2)
CLEANUP: /Users/csev/htdocs/py4e/whisper/.whisper-tmp/run-31163/work-15-Databases__15-Databases-M-EX-Email/output.srt
Replacements:
  /Users/csev/htdocs/py4e/whisper/py4e-whisper-replacements.txt
Files: 1
UPDATED: /Users/csev/htdocs/py4e/whisper/.whisper-tmp/run-31163/work-15-Databases__15-Databases-M-EX-Email/output.srt
Replacement counts:
  gonna => going to (35)
  gotta => got to (1)
  wanna => want to (2)
DONE: 15-Databases/15-Databases-M-EX-Email.mov
TIMING:
  FFMPEG : 00:00:01
  WHISPER: 00:01:05
  TOTAL  : 00:01:06

==================================================
MEDIA: 15-Databases/15-Databases-N-EX-Tracks-CSV.m4v
OUTPUT STEM: 15-Databases/15-Databases-N-EX-Tracks-CSV
STEP 1: Extracting audio with ffmpeg...
STEP 2: Running whisper-cli...
whisper_init_from_file_with_params_no_state: loading model from '/Users/csev/models/ggml-medium.bin'
whisper_init_with_params_no_state: use gpu    = 1
whisper_init_with_params_no_state: flash attn = 1
whisper_init_with_params_no_state: gpu_device = 0
whisper_init_with_params_no_state: dtw        = 0
ggml_metal_device_init: tensor API disabled for pre-M5 and pre-A19 devices
ggml_metal_library_init: using embedded metal library
ggml_metal_library_init: loaded in 0.007 sec
ggml_metal_rsets_init: creating a residency set collection (keep_alive = 180 s)
ggml_metal_device_init: GPU name:   Apple M1 Pro
ggml_metal_device_init: GPU family: MTLGPUFamilyApple7  (1007)
ggml_metal_device_init: GPU family: MTLGPUFamilyCommon3 (3003)
ggml_metal_device_init: GPU family: MTLGPUFamilyMetal4  (5002)
ggml_metal_device_init: simdgroup reduction   = true
ggml_metal_device_init: simdgroup matrix mul. = true
ggml_metal_device_init: has unified memory    = true
ggml_metal_device_init: has bfloat            = true
ggml_metal_device_init: has tensor            = false
ggml_metal_device_init: use residency sets    = true
ggml_metal_device_init: use shared buffers    = true
ggml_metal_device_init: recommendedMaxWorkingSetSize  = 26800.60 MB
whisper_init_with_params_no_state: devices    = 3
whisper_init_with_params_no_state: backends   = 3
whisper_model_load: loading model
whisper_model_load: n_vocab       = 51865
whisper_model_load: n_audio_ctx   = 1500
whisper_model_load: n_audio_state = 1024
whisper_model_load: n_audio_head  = 16
whisper_model_load: n_audio_layer = 24
whisper_model_load: n_text_ctx    = 448
whisper_model_load: n_text_state  = 1024
whisper_model_load: n_text_head   = 16
whisper_model_load: n_text_layer  = 24
whisper_model_load: n_mels        = 80
whisper_model_load: ftype         = 1
whisper_model_load: qntvr         = 0
whisper_model_load: type          = 4 (medium)
whisper_model_load: adding 1608 extra tokens
whisper_model_load: n_langs       = 99
whisper_model_load:        Metal total size =  1533.14 MB
whisper_model_load: model size    = 1533.14 MB
whisper_backend_init_gpu: device 0: Metal (type: 1)
whisper_backend_init_gpu: found GPU device 0: Metal (type: 1, cnt: 0)
whisper_backend_init_gpu: using Metal backend
ggml_metal_init: allocating
ggml_metal_init: found device: Apple M1 Pro
ggml_metal_init: picking default device: Apple M1 Pro
ggml_metal_init: use fusion         = true
ggml_metal_init: use concurrency    = true
ggml_metal_init: use graph optimize = true
whisper_backend_init: using BLAS backend
whisper_init_state: kv self size  =   50.33 MB
whisper_init_state: kv cross size =  150.99 MB
whisper_init_state: kv pad  size  =    6.29 MB
whisper_init_state: compute buffer (conv)   =   29.53 MB
whisper_init_state: compute buffer (encode) =   53.12 MB
whisper_init_state: compute buffer (cross)  =   20.02 MB
whisper_init_state: compute buffer (decode) =   99.12 MB

system_info: n_threads = 4 / 10 | WHISPER : COREML = 0 | OPENVINO = 0 | Metal : EMBED_LIBRARY = 1 | CPU : NEON = 1 | ARM_FMA = 1 | FP16_VA = 1 | DOTPROD = 1 | ACCELERATE = 1 | REPACK = 1 | 

main: processing '/Users/csev/htdocs/py4e/whisper/.whisper-tmp/run-31163/work-15-Databases__15-Databases-N-EX-Tracks-CSV/audio.wav' (7608299 samples, 475.5 sec), 4 threads, 1 processors, 5 beams + best of 5, lang = en, task = transcribe, timestamps = 1 ...

output_txt: saving output to '/Users/csev/htdocs/py4e/whisper/.whisper-tmp/run-31163/work-15-Databases__15-Databases-N-EX-Tracks-CSV/output.txt'
output_vtt: saving output to '/Users/csev/htdocs/py4e/whisper/.whisper-tmp/run-31163/work-15-Databases__15-Databases-N-EX-Tracks-CSV/output.vtt'
output_srt: saving output to '/Users/csev/htdocs/py4e/whisper/.whisper-tmp/run-31163/work-15-Databases__15-Databases-N-EX-Tracks-CSV/output.srt'

whisper_print_timings:     load time =   511.35 ms
whisper_print_timings:     fallbacks =   0 p /   0 h
whisper_print_timings:      mel time =   178.99 ms
whisper_print_timings:   sample time =  2611.23 ms /  9038 runs (     0.29 ms per run)
whisper_print_timings:   encode time =  7433.86 ms /    18 runs (   412.99 ms per run)
whisper_print_timings:   decode time =   603.72 ms /    63 runs (     9.58 ms per run)
whisper_print_timings:   batchd time = 22394.02 ms /  8885 runs (     2.52 ms per run)
whisper_print_timings:   prompt time =  1424.05 ms /  4086 runs (     0.35 ms per run)
whisper_print_timings:    total time = 35577.40 ms
ggml_metal_free: deallocating
CLEANUP: /Users/csev/htdocs/py4e/whisper/.whisper-tmp/run-31163/work-15-Databases__15-Databases-N-EX-Tracks-CSV/output.txt
Replacements:
  /Users/csev/htdocs/py4e/whisper/py4e-whisper-replacements.txt
Files: 1
CLEANUP: /Users/csev/htdocs/py4e/whisper/.whisper-tmp/run-31163/work-15-Databases__15-Databases-N-EX-Tracks-CSV/output.vtt
Replacements:
  /Users/csev/htdocs/py4e/whisper/py4e-whisper-replacements.txt
Files: 1
CLEANUP: /Users/csev/htdocs/py4e/whisper/.whisper-tmp/run-31163/work-15-Databases__15-Databases-N-EX-Tracks-CSV/output.srt
Replacements:
  /Users/csev/htdocs/py4e/whisper/py4e-whisper-replacements.txt
Files: 1
DONE: 15-Databases/15-Databases-N-EX-Tracks-CSV.m4v
TIMING:
  FFMPEG : 00:00:00
  WHISPER: 00:00:36
  TOTAL  : 00:00:36

==================================================
MEDIA: 15-Databases/15-Databases-O-EX-Roster.mov
OUTPUT STEM: 15-Databases/15-Databases-O-EX-Roster
STEP 1: Extracting audio with ffmpeg...
STEP 2: Running whisper-cli...
whisper_init_from_file_with_params_no_state: loading model from '/Users/csev/models/ggml-medium.bin'
whisper_init_with_params_no_state: use gpu    = 1
whisper_init_with_params_no_state: flash attn = 1
whisper_init_with_params_no_state: gpu_device = 0
whisper_init_with_params_no_state: dtw        = 0
ggml_metal_device_init: tensor API disabled for pre-M5 and pre-A19 devices
ggml_metal_library_init: using embedded metal library
ggml_metal_library_init: loaded in 0.007 sec
ggml_metal_rsets_init: creating a residency set collection (keep_alive = 180 s)
ggml_metal_device_init: GPU name:   Apple M1 Pro
ggml_metal_device_init: GPU family: MTLGPUFamilyApple7  (1007)
ggml_metal_device_init: GPU family: MTLGPUFamilyCommon3 (3003)
ggml_metal_device_init: GPU family: MTLGPUFamilyMetal4  (5002)
ggml_metal_device_init: simdgroup reduction   = true
ggml_metal_device_init: simdgroup matrix mul. = true
ggml_metal_device_init: has unified memory    = true
ggml_metal_device_init: has bfloat            = true
ggml_metal_device_init: has tensor            = false
ggml_metal_device_init: use residency sets    = true
ggml_metal_device_init: use shared buffers    = true
ggml_metal_device_init: recommendedMaxWorkingSetSize  = 26800.60 MB
whisper_init_with_params_no_state: devices    = 3
whisper_init_with_params_no_state: backends   = 3
whisper_model_load: loading model
whisper_model_load: n_vocab       = 51865
whisper_model_load: n_audio_ctx   = 1500
whisper_model_load: n_audio_state = 1024
whisper_model_load: n_audio_head  = 16
whisper_model_load: n_audio_layer = 24
whisper_model_load: n_text_ctx    = 448
whisper_model_load: n_text_state  = 1024
whisper_model_load: n_text_head   = 16
whisper_model_load: n_text_layer  = 24
whisper_model_load: n_mels        = 80
whisper_model_load: ftype         = 1
whisper_model_load: qntvr         = 0
whisper_model_load: type          = 4 (medium)
whisper_model_load: adding 1608 extra tokens
whisper_model_load: n_langs       = 99
whisper_model_load:        Metal total size =  1533.14 MB
whisper_model_load: model size    = 1533.14 MB
whisper_backend_init_gpu: device 0: Metal (type: 1)
whisper_backend_init_gpu: found GPU device 0: Metal (type: 1, cnt: 0)
whisper_backend_init_gpu: using Metal backend
ggml_metal_init: allocating
ggml_metal_init: found device: Apple M1 Pro
ggml_metal_init: picking default device: Apple M1 Pro
ggml_metal_init: use fusion         = true
ggml_metal_init: use concurrency    = true
ggml_metal_init: use graph optimize = true
whisper_backend_init: using BLAS backend
whisper_init_state: kv self size  =   50.33 MB
whisper_init_state: kv cross size =  150.99 MB
whisper_init_state: kv pad  size  =    6.29 MB
whisper_init_state: compute buffer (conv)   =   29.53 MB
whisper_init_state: compute buffer (encode) =   53.12 MB
whisper_init_state: compute buffer (cross)  =   20.02 MB
whisper_init_state: compute buffer (decode) =   99.12 MB

system_info: n_threads = 4 / 10 | WHISPER : COREML = 0 | OPENVINO = 0 | Metal : EMBED_LIBRARY = 1 | CPU : NEON = 1 | ARM_FMA = 1 | FP16_VA = 1 | DOTPROD = 1 | ACCELERATE = 1 | REPACK = 1 | 

main: processing '/Users/csev/htdocs/py4e/whisper/.whisper-tmp/run-31163/work-15-Databases__15-Databases-O-EX-Roster/audio.wav' (10982481 samples, 686.4 sec), 4 threads, 1 processors, 5 beams + best of 5, lang = en, task = transcribe, timestamps = 1 ...

output_txt: saving output to '/Users/csev/htdocs/py4e/whisper/.whisper-tmp/run-31163/work-15-Databases__15-Databases-O-EX-Roster/output.txt'
output_vtt: saving output to '/Users/csev/htdocs/py4e/whisper/.whisper-tmp/run-31163/work-15-Databases__15-Databases-O-EX-Roster/output.vtt'
output_srt: saving output to '/Users/csev/htdocs/py4e/whisper/.whisper-tmp/run-31163/work-15-Databases__15-Databases-O-EX-Roster/output.srt'

whisper_print_timings:     load time =   496.19 ms
whisper_print_timings:     fallbacks =   0 p /   0 h
whisper_print_timings:      mel time =   256.35 ms
whisper_print_timings:   sample time =  4164.51 ms / 14368 runs (     0.29 ms per run)
whisper_print_timings:   encode time = 10309.22 ms /    25 runs (   412.37 ms per run)
whisper_print_timings:   decode time =   542.75 ms /    56 runs (     9.69 ms per run)
whisper_print_timings:   batchd time = 35887.69 ms / 14187 runs (     2.53 ms per run)
whisper_print_timings:   prompt time =  1977.78 ms /  5675 runs (     0.35 ms per run)
whisper_print_timings:    total time = 54188.45 ms
ggml_metal_free: deallocating
CLEANUP: /Users/csev/htdocs/py4e/whisper/.whisper-tmp/run-31163/work-15-Databases__15-Databases-O-EX-Roster/output.txt
Replacements:
  /Users/csev/htdocs/py4e/whisper/py4e-whisper-replacements.txt
Files: 1
UPDATED: /Users/csev/htdocs/py4e/whisper/.whisper-tmp/run-31163/work-15-Databases__15-Databases-O-EX-Roster/output.txt
Replacement counts:
  gonna => going to (14)
  kinda => kind of (1)
  wanna => want to (1)
CLEANUP: /Users/csev/htdocs/py4e/whisper/.whisper-tmp/run-31163/work-15-Databases__15-Databases-O-EX-Roster/output.vtt
Replacements:
  /Users/csev/htdocs/py4e/whisper/py4e-whisper-replacements.txt
Files: 1
UPDATED: /Users/csev/htdocs/py4e/whisper/.whisper-tmp/run-31163/work-15-Databases__15-Databases-O-EX-Roster/output.vtt
Replacement counts:
  gonna => going to (14)
  kinda => kind of (1)
  wanna => want to (1)
CLEANUP: /Users/csev/htdocs/py4e/whisper/.whisper-tmp/run-31163/work-15-Databases__15-Databases-O-EX-Roster/output.srt
Replacements:
  /Users/csev/htdocs/py4e/whisper/py4e-whisper-replacements.txt
Files: 1
UPDATED: /Users/csev/htdocs/py4e/whisper/.whisper-tmp/run-31163/work-15-Databases__15-Databases-O-EX-Roster/output.srt
Replacement counts:
  gonna => going to (14)
  kinda => kind of (1)
  wanna => want to (1)
DONE: 15-Databases/15-Databases-O-EX-Roster.mov
TIMING:
  FFMPEG : 00:00:01
  WHISPER: 00:00:54
  TOTAL  : 00:00:55

==================================================
MEDIA: 16-viz/16-Viz-A.mov
OUTPUT STEM: 16-viz/16-Viz-A
STEP 1: Extracting audio with ffmpeg...
STEP 2: Running whisper-cli...
whisper_init_from_file_with_params_no_state: loading model from '/Users/csev/models/ggml-medium.bin'
whisper_init_with_params_no_state: use gpu    = 1
whisper_init_with_params_no_state: flash attn = 1
whisper_init_with_params_no_state: gpu_device = 0
whisper_init_with_params_no_state: dtw        = 0
ggml_metal_device_init: tensor API disabled for pre-M5 and pre-A19 devices
ggml_metal_library_init: using embedded metal library
ggml_metal_library_init: loaded in 0.007 sec
ggml_metal_rsets_init: creating a residency set collection (keep_alive = 180 s)
ggml_metal_device_init: GPU name:   Apple M1 Pro
ggml_metal_device_init: GPU family: MTLGPUFamilyApple7  (1007)
ggml_metal_device_init: GPU family: MTLGPUFamilyCommon3 (3003)
ggml_metal_device_init: GPU family: MTLGPUFamilyMetal4  (5002)
ggml_metal_device_init: simdgroup reduction   = true
ggml_metal_device_init: simdgroup matrix mul. = true
ggml_metal_device_init: has unified memory    = true
ggml_metal_device_init: has bfloat            = true
ggml_metal_device_init: has tensor            = false
ggml_metal_device_init: use residency sets    = true
ggml_metal_device_init: use shared buffers    = true
ggml_metal_device_init: recommendedMaxWorkingSetSize  = 26800.60 MB
whisper_init_with_params_no_state: devices    = 3
whisper_init_with_params_no_state: backends   = 3
whisper_model_load: loading model
whisper_model_load: n_vocab       = 51865
whisper_model_load: n_audio_ctx   = 1500
whisper_model_load: n_audio_state = 1024
whisper_model_load: n_audio_head  = 16
whisper_model_load: n_audio_layer = 24
whisper_model_load: n_text_ctx    = 448
whisper_model_load: n_text_state  = 1024
whisper_model_load: n_text_head   = 16
whisper_model_load: n_text_layer  = 24
whisper_model_load: n_mels        = 80
whisper_model_load: ftype         = 1
whisper_model_load: qntvr         = 0
whisper_model_load: type          = 4 (medium)
whisper_model_load: adding 1608 extra tokens
whisper_model_load: n_langs       = 99
whisper_model_load:        Metal total size =  1533.14 MB
whisper_model_load: model size    = 1533.14 MB
whisper_backend_init_gpu: device 0: Metal (type: 1)
whisper_backend_init_gpu: found GPU device 0: Metal (type: 1, cnt: 0)
whisper_backend_init_gpu: using Metal backend
ggml_metal_init: allocating
ggml_metal_init: found device: Apple M1 Pro
ggml_metal_init: picking default device: Apple M1 Pro
ggml_metal_init: use fusion         = true
ggml_metal_init: use concurrency    = true
ggml_metal_init: use graph optimize = true
whisper_backend_init: using BLAS backend
whisper_init_state: kv self size  =   50.33 MB
whisper_init_state: kv cross size =  150.99 MB
whisper_init_state: kv pad  size  =    6.29 MB
whisper_init_state: compute buffer (conv)   =   29.53 MB
whisper_init_state: compute buffer (encode) =   53.12 MB
whisper_init_state: compute buffer (cross)  =   20.02 MB
whisper_init_state: compute buffer (decode) =   99.12 MB

system_info: n_threads = 4 / 10 | WHISPER : COREML = 0 | OPENVINO = 0 | Metal : EMBED_LIBRARY = 1 | CPU : NEON = 1 | ARM_FMA = 1 | FP16_VA = 1 | DOTPROD = 1 | ACCELERATE = 1 | REPACK = 1 | 

main: processing '/Users/csev/htdocs/py4e/whisper/.whisper-tmp/run-31163/work-16-viz__16-Viz-A/audio.wav' (6454033 samples, 403.4 sec), 4 threads, 1 processors, 5 beams + best of 5, lang = en, task = transcribe, timestamps = 1 ...

output_txt: saving output to '/Users/csev/htdocs/py4e/whisper/.whisper-tmp/run-31163/work-16-viz__16-Viz-A/output.txt'
output_vtt: saving output to '/Users/csev/htdocs/py4e/whisper/.whisper-tmp/run-31163/work-16-viz__16-Viz-A/output.vtt'
output_srt: saving output to '/Users/csev/htdocs/py4e/whisper/.whisper-tmp/run-31163/work-16-viz__16-Viz-A/output.srt'

whisper_print_timings:     load time =   489.43 ms
whisper_print_timings:     fallbacks =   0 p /   0 h
whisper_print_timings:      mel time =   153.17 ms
whisper_print_timings:   sample time =  2582.62 ms /  9014 runs (     0.29 ms per run)
whisper_print_timings:   encode time =  6174.63 ms /    15 runs (   411.64 ms per run)
whisper_print_timings:   decode time =     9.64 ms /     1 runs (     9.64 ms per run)
whisper_print_timings:   batchd time = 22453.50 ms /  8941 runs (     2.51 ms per run)
whisper_print_timings:   prompt time =  1102.69 ms /  3178 runs (     0.35 ms per run)
whisper_print_timings:    total time = 33317.07 ms
ggml_metal_free: deallocating
CLEANUP: /Users/csev/htdocs/py4e/whisper/.whisper-tmp/run-31163/work-16-viz__16-Viz-A/output.txt
Replacements:
  /Users/csev/htdocs/py4e/whisper/py4e-whisper-replacements.txt
Files: 1
UPDATED: /Users/csev/htdocs/py4e/whisper/.whisper-tmp/run-31163/work-16-viz__16-Viz-A/output.txt
Replacement counts:
  'cause => because (4)
  gonna => going to (15)
CLEANUP: /Users/csev/htdocs/py4e/whisper/.whisper-tmp/run-31163/work-16-viz__16-Viz-A/output.vtt
Replacements:
  /Users/csev/htdocs/py4e/whisper/py4e-whisper-replacements.txt
Files: 1
UPDATED: /Users/csev/htdocs/py4e/whisper/.whisper-tmp/run-31163/work-16-viz__16-Viz-A/output.vtt
Replacement counts:
  'cause => because (4)
  gonna => going to (15)
CLEANUP: /Users/csev/htdocs/py4e/whisper/.whisper-tmp/run-31163/work-16-viz__16-Viz-A/output.srt
Replacements:
  /Users/csev/htdocs/py4e/whisper/py4e-whisper-replacements.txt
Files: 1
UPDATED: /Users/csev/htdocs/py4e/whisper/.whisper-tmp/run-31163/work-16-viz__16-Viz-A/output.srt
Replacement counts:
  'cause => because (4)
  gonna => going to (15)
DONE: 16-viz/16-Viz-A.mov
TIMING:
  FFMPEG : 00:00:00
  WHISPER: 00:00:34
  TOTAL  : 00:00:34

==================================================
MEDIA: 16-viz/16-Viz-B.mov
OUTPUT STEM: 16-viz/16-Viz-B
STEP 1: Extracting audio with ffmpeg...
STEP 2: Running whisper-cli...
whisper_init_from_file_with_params_no_state: loading model from '/Users/csev/models/ggml-medium.bin'
whisper_init_with_params_no_state: use gpu    = 1
whisper_init_with_params_no_state: flash attn = 1
whisper_init_with_params_no_state: gpu_device = 0
whisper_init_with_params_no_state: dtw        = 0
ggml_metal_device_init: tensor API disabled for pre-M5 and pre-A19 devices
ggml_metal_library_init: using embedded metal library
ggml_metal_library_init: loaded in 0.007 sec
ggml_metal_rsets_init: creating a residency set collection (keep_alive = 180 s)
ggml_metal_device_init: GPU name:   Apple M1 Pro
ggml_metal_device_init: GPU family: MTLGPUFamilyApple7  (1007)
ggml_metal_device_init: GPU family: MTLGPUFamilyCommon3 (3003)
ggml_metal_device_init: GPU family: MTLGPUFamilyMetal4  (5002)
ggml_metal_device_init: simdgroup reduction   = true
ggml_metal_device_init: simdgroup matrix mul. = true
ggml_metal_device_init: has unified memory    = true
ggml_metal_device_init: has bfloat            = true
ggml_metal_device_init: has tensor            = false
ggml_metal_device_init: use residency sets    = true
ggml_metal_device_init: use shared buffers    = true
ggml_metal_device_init: recommendedMaxWorkingSetSize  = 26800.60 MB
whisper_init_with_params_no_state: devices    = 3
whisper_init_with_params_no_state: backends   = 3
whisper_model_load: loading model
whisper_model_load: n_vocab       = 51865
whisper_model_load: n_audio_ctx   = 1500
whisper_model_load: n_audio_state = 1024
whisper_model_load: n_audio_head  = 16
whisper_model_load: n_audio_layer = 24
whisper_model_load: n_text_ctx    = 448
whisper_model_load: n_text_state  = 1024
whisper_model_load: n_text_head   = 16
whisper_model_load: n_text_layer  = 24
whisper_model_load: n_mels        = 80
whisper_model_load: ftype         = 1
whisper_model_load: qntvr         = 0
whisper_model_load: type          = 4 (medium)
whisper_model_load: adding 1608 extra tokens
whisper_model_load: n_langs       = 99
whisper_model_load:        Metal total size =  1533.14 MB
whisper_model_load: model size    = 1533.14 MB
whisper_backend_init_gpu: device 0: Metal (type: 1)
whisper_backend_init_gpu: found GPU device 0: Metal (type: 1, cnt: 0)
whisper_backend_init_gpu: using Metal backend
ggml_metal_init: allocating
ggml_metal_init: found device: Apple M1 Pro
ggml_metal_init: picking default device: Apple M1 Pro
ggml_metal_init: use fusion         = true
ggml_metal_init: use concurrency    = true
ggml_metal_init: use graph optimize = true
whisper_backend_init: using BLAS backend
whisper_init_state: kv self size  =   50.33 MB
whisper_init_state: kv cross size =  150.99 MB
whisper_init_state: kv pad  size  =    6.29 MB
whisper_init_state: compute buffer (conv)   =   29.53 MB
whisper_init_state: compute buffer (encode) =   53.12 MB
whisper_init_state: compute buffer (cross)  =   20.02 MB
whisper_init_state: compute buffer (decode) =   99.12 MB

system_info: n_threads = 4 / 10 | WHISPER : COREML = 0 | OPENVINO = 0 | Metal : EMBED_LIBRARY = 1 | CPU : NEON = 1 | ARM_FMA = 1 | FP16_VA = 1 | DOTPROD = 1 | ACCELERATE = 1 | REPACK = 1 | 

main: processing '/Users/csev/htdocs/py4e/whisper/.whisper-tmp/run-31163/work-16-viz__16-Viz-B/audio.wav' (10952388 samples, 684.5 sec), 4 threads, 1 processors, 5 beams + best of 5, lang = en, task = transcribe, timestamps = 1 ...

output_txt: saving output to '/Users/csev/htdocs/py4e/whisper/.whisper-tmp/run-31163/work-16-viz__16-Viz-B/output.txt'
output_vtt: saving output to '/Users/csev/htdocs/py4e/whisper/.whisper-tmp/run-31163/work-16-viz__16-Viz-B/output.vtt'
output_srt: saving output to '/Users/csev/htdocs/py4e/whisper/.whisper-tmp/run-31163/work-16-viz__16-Viz-B/output.srt'

whisper_print_timings:     load time =   488.57 ms
whisper_print_timings:     fallbacks =   0 p /   0 h
whisper_print_timings:      mel time =   257.42 ms
whisper_print_timings:   sample time =  4738.31 ms / 16367 runs (     0.29 ms per run)
whisper_print_timings:   encode time =  9882.16 ms /    24 runs (   411.76 ms per run)
whisper_print_timings:   decode time =   165.41 ms /    17 runs (     9.73 ms per run)
whisper_print_timings:   batchd time = 41001.34 ms / 16230 runs (     2.53 ms per run)
whisper_print_timings:   prompt time =  1890.24 ms /  5448 runs (     0.35 ms per run)
whisper_print_timings:    total time = 58965.89 ms
ggml_metal_free: deallocating
CLEANUP: /Users/csev/htdocs/py4e/whisper/.whisper-tmp/run-31163/work-16-viz__16-Viz-B/output.txt
Replacements:
  /Users/csev/htdocs/py4e/whisper/py4e-whisper-replacements.txt
Files: 1
UPDATED: /Users/csev/htdocs/py4e/whisper/.whisper-tmp/run-31163/work-16-viz__16-Viz-B/output.txt
Replacement counts:
  'cause => because (2)
  gonna => going to (14)
  gotta => got to (1)
  kinda => kind of (1)
  wanna => want to (1)
CLEANUP: /Users/csev/htdocs/py4e/whisper/.whisper-tmp/run-31163/work-16-viz__16-Viz-B/output.vtt
Replacements:
  /Users/csev/htdocs/py4e/whisper/py4e-whisper-replacements.txt
Files: 1
UPDATED: /Users/csev/htdocs/py4e/whisper/.whisper-tmp/run-31163/work-16-viz__16-Viz-B/output.vtt
Replacement counts:
  'cause => because (2)
  gonna => going to (14)
  gotta => got to (1)
  kinda => kind of (1)
  wanna => want to (1)
CLEANUP: /Users/csev/htdocs/py4e/whisper/.whisper-tmp/run-31163/work-16-viz__16-Viz-B/output.srt
Replacements:
  /Users/csev/htdocs/py4e/whisper/py4e-whisper-replacements.txt
Files: 1
UPDATED: /Users/csev/htdocs/py4e/whisper/.whisper-tmp/run-31163/work-16-viz__16-Viz-B/output.srt
Replacement counts:
  'cause => because (2)
  gonna => going to (14)
  gotta => got to (1)
  kinda => kind of (1)
  wanna => want to (1)
DONE: 16-viz/16-Viz-B.mov
TIMING:
  FFMPEG : 00:00:01
  WHISPER: 00:00:59
  TOTAL  : 00:01:00

==================================================
MEDIA: 16-viz/16-Viz-C.mov
OUTPUT STEM: 16-viz/16-Viz-C
STEP 1: Extracting audio with ffmpeg...
STEP 2: Running whisper-cli...
whisper_init_from_file_with_params_no_state: loading model from '/Users/csev/models/ggml-medium.bin'
whisper_init_with_params_no_state: use gpu    = 1
whisper_init_with_params_no_state: flash attn = 1
whisper_init_with_params_no_state: gpu_device = 0
whisper_init_with_params_no_state: dtw        = 0
ggml_metal_device_init: tensor API disabled for pre-M5 and pre-A19 devices
ggml_metal_library_init: using embedded metal library
ggml_metal_library_init: loaded in 0.007 sec
ggml_metal_rsets_init: creating a residency set collection (keep_alive = 180 s)
ggml_metal_device_init: GPU name:   Apple M1 Pro
ggml_metal_device_init: GPU family: MTLGPUFamilyApple7  (1007)
ggml_metal_device_init: GPU family: MTLGPUFamilyCommon3 (3003)
ggml_metal_device_init: GPU family: MTLGPUFamilyMetal4  (5002)
ggml_metal_device_init: simdgroup reduction   = true
ggml_metal_device_init: simdgroup matrix mul. = true
ggml_metal_device_init: has unified memory    = true
ggml_metal_device_init: has bfloat            = true
ggml_metal_device_init: has tensor            = false
ggml_metal_device_init: use residency sets    = true
ggml_metal_device_init: use shared buffers    = true
ggml_metal_device_init: recommendedMaxWorkingSetSize  = 26800.60 MB
whisper_init_with_params_no_state: devices    = 3
whisper_init_with_params_no_state: backends   = 3
whisper_model_load: loading model
whisper_model_load: n_vocab       = 51865
whisper_model_load: n_audio_ctx   = 1500
whisper_model_load: n_audio_state = 1024
whisper_model_load: n_audio_head  = 16
whisper_model_load: n_audio_layer = 24
whisper_model_load: n_text_ctx    = 448
whisper_model_load: n_text_state  = 1024
whisper_model_load: n_text_head   = 16
whisper_model_load: n_text_layer  = 24
whisper_model_load: n_mels        = 80
whisper_model_load: ftype         = 1
whisper_model_load: qntvr         = 0
whisper_model_load: type          = 4 (medium)
whisper_model_load: adding 1608 extra tokens
whisper_model_load: n_langs       = 99
whisper_model_load:        Metal total size =  1533.14 MB
whisper_model_load: model size    = 1533.14 MB
whisper_backend_init_gpu: device 0: Metal (type: 1)
whisper_backend_init_gpu: found GPU device 0: Metal (type: 1, cnt: 0)
whisper_backend_init_gpu: using Metal backend
ggml_metal_init: allocating
ggml_metal_init: found device: Apple M1 Pro
ggml_metal_init: picking default device: Apple M1 Pro
ggml_metal_init: use fusion         = true
ggml_metal_init: use concurrency    = true
ggml_metal_init: use graph optimize = true
whisper_backend_init: using BLAS backend
whisper_init_state: kv self size  =   50.33 MB
whisper_init_state: kv cross size =  150.99 MB
whisper_init_state: kv pad  size  =    6.29 MB
whisper_init_state: compute buffer (conv)   =   29.53 MB
whisper_init_state: compute buffer (encode) =   53.12 MB
whisper_init_state: compute buffer (cross)  =   20.02 MB
whisper_init_state: compute buffer (decode) =   99.12 MB

system_info: n_threads = 4 / 10 | WHISPER : COREML = 0 | OPENVINO = 0 | Metal : EMBED_LIBRARY = 1 | CPU : NEON = 1 | ARM_FMA = 1 | FP16_VA = 1 | DOTPROD = 1 | ACCELERATE = 1 | REPACK = 1 | 

main: processing '/Users/csev/htdocs/py4e/whisper/.whisper-tmp/run-31163/work-16-viz__16-Viz-C/audio.wav' (6690319 samples, 418.1 sec), 4 threads, 1 processors, 5 beams + best of 5, lang = en, task = transcribe, timestamps = 1 ...

output_txt: saving output to '/Users/csev/htdocs/py4e/whisper/.whisper-tmp/run-31163/work-16-viz__16-Viz-C/output.txt'
output_vtt: saving output to '/Users/csev/htdocs/py4e/whisper/.whisper-tmp/run-31163/work-16-viz__16-Viz-C/output.vtt'
output_srt: saving output to '/Users/csev/htdocs/py4e/whisper/.whisper-tmp/run-31163/work-16-viz__16-Viz-C/output.srt'

whisper_print_timings:     load time =   487.74 ms
whisper_print_timings:     fallbacks =   0 p /   0 h
whisper_print_timings:      mel time =   156.20 ms
whisper_print_timings:   sample time =  2560.63 ms /  8948 runs (     0.29 ms per run)
whisper_print_timings:   encode time =  6181.94 ms /    15 runs (   412.13 ms per run)
whisper_print_timings:   decode time =   135.74 ms /    14 runs (     9.70 ms per run)
whisper_print_timings:   batchd time = 22325.53 ms /  8859 runs (     2.52 ms per run)
whisper_print_timings:   prompt time =  1179.52 ms /  3405 runs (     0.35 ms per run)
whisper_print_timings:    total time = 33393.32 ms
ggml_metal_free: deallocating
CLEANUP: /Users/csev/htdocs/py4e/whisper/.whisper-tmp/run-31163/work-16-viz__16-Viz-C/output.txt
Replacements:
  /Users/csev/htdocs/py4e/whisper/py4e-whisper-replacements.txt
Files: 1
UPDATED: /Users/csev/htdocs/py4e/whisper/.whisper-tmp/run-31163/work-16-viz__16-Viz-C/output.txt
Replacement counts:
  gotta => got to (1)
CLEANUP: /Users/csev/htdocs/py4e/whisper/.whisper-tmp/run-31163/work-16-viz__16-Viz-C/output.vtt
Replacements:
  /Users/csev/htdocs/py4e/whisper/py4e-whisper-replacements.txt
Files: 1
UPDATED: /Users/csev/htdocs/py4e/whisper/.whisper-tmp/run-31163/work-16-viz__16-Viz-C/output.vtt
Replacement counts:
  gotta => got to (1)
CLEANUP: /Users/csev/htdocs/py4e/whisper/.whisper-tmp/run-31163/work-16-viz__16-Viz-C/output.srt
Replacements:
  /Users/csev/htdocs/py4e/whisper/py4e-whisper-replacements.txt
Files: 1
UPDATED: /Users/csev/htdocs/py4e/whisper/.whisper-tmp/run-31163/work-16-viz__16-Viz-C/output.srt
Replacement counts:
  gotta => got to (1)
DONE: 16-viz/16-Viz-C.mov
TIMING:
  FFMPEG : 00:00:01
  WHISPER: 00:00:34
  TOTAL  : 00:00:35

==================================================
MEDIA: 16-viz/16-Viz-M-EX-OpenGeo.m4v
OUTPUT STEM: 16-viz/16-Viz-M-EX-OpenGeo
STEP 1: Extracting audio with ffmpeg...
STEP 2: Running whisper-cli...
whisper_init_from_file_with_params_no_state: loading model from '/Users/csev/models/ggml-medium.bin'
whisper_init_with_params_no_state: use gpu    = 1
whisper_init_with_params_no_state: flash attn = 1
whisper_init_with_params_no_state: gpu_device = 0
whisper_init_with_params_no_state: dtw        = 0
ggml_metal_device_init: tensor API disabled for pre-M5 and pre-A19 devices
ggml_metal_library_init: using embedded metal library
ggml_metal_library_init: loaded in 0.007 sec
ggml_metal_rsets_init: creating a residency set collection (keep_alive = 180 s)
ggml_metal_device_init: GPU name:   Apple M1 Pro
ggml_metal_device_init: GPU family: MTLGPUFamilyApple7  (1007)
ggml_metal_device_init: GPU family: MTLGPUFamilyCommon3 (3003)
ggml_metal_device_init: GPU family: MTLGPUFamilyMetal4  (5002)
ggml_metal_device_init: simdgroup reduction   = true
ggml_metal_device_init: simdgroup matrix mul. = true
ggml_metal_device_init: has unified memory    = true
ggml_metal_device_init: has bfloat            = true
ggml_metal_device_init: has tensor            = false
ggml_metal_device_init: use residency sets    = true
ggml_metal_device_init: use shared buffers    = true
ggml_metal_device_init: recommendedMaxWorkingSetSize  = 26800.60 MB
whisper_init_with_params_no_state: devices    = 3
whisper_init_with_params_no_state: backends   = 3
whisper_model_load: loading model
whisper_model_load: n_vocab       = 51865
whisper_model_load: n_audio_ctx   = 1500
whisper_model_load: n_audio_state = 1024
whisper_model_load: n_audio_head  = 16
whisper_model_load: n_audio_layer = 24
whisper_model_load: n_text_ctx    = 448
whisper_model_load: n_text_state  = 1024
whisper_model_load: n_text_head   = 16
whisper_model_load: n_text_layer  = 24
whisper_model_load: n_mels        = 80
whisper_model_load: ftype         = 1
whisper_model_load: qntvr         = 0
whisper_model_load: type          = 4 (medium)
whisper_model_load: adding 1608 extra tokens
whisper_model_load: n_langs       = 99
whisper_model_load:        Metal total size =  1533.14 MB
whisper_model_load: model size    = 1533.14 MB
whisper_backend_init_gpu: device 0: Metal (type: 1)
whisper_backend_init_gpu: found GPU device 0: Metal (type: 1, cnt: 0)
whisper_backend_init_gpu: using Metal backend
ggml_metal_init: allocating
ggml_metal_init: found device: Apple M1 Pro
ggml_metal_init: picking default device: Apple M1 Pro
ggml_metal_init: use fusion         = true
ggml_metal_init: use concurrency    = true
ggml_metal_init: use graph optimize = true
whisper_backend_init: using BLAS backend
whisper_init_state: kv self size  =   50.33 MB
whisper_init_state: kv cross size =  150.99 MB
whisper_init_state: kv pad  size  =    6.29 MB
whisper_init_state: compute buffer (conv)   =   29.53 MB
whisper_init_state: compute buffer (encode) =   53.12 MB
whisper_init_state: compute buffer (cross)  =   20.02 MB
whisper_init_state: compute buffer (decode) =   99.12 MB

system_info: n_threads = 4 / 10 | WHISPER : COREML = 0 | OPENVINO = 0 | Metal : EMBED_LIBRARY = 1 | CPU : NEON = 1 | ARM_FMA = 1 | FP16_VA = 1 | DOTPROD = 1 | ACCELERATE = 1 | REPACK = 1 | 

main: processing '/Users/csev/htdocs/py4e/whisper/.whisper-tmp/run-31163/work-16-viz__16-Viz-M-EX-OpenGeo/audio.wav' (18015893 samples, 1126.0 sec), 4 threads, 1 processors, 5 beams + best of 5, lang = en, task = transcribe, timestamps = 1 ...

output_txt: saving output to '/Users/csev/htdocs/py4e/whisper/.whisper-tmp/run-31163/work-16-viz__16-Viz-M-EX-OpenGeo/output.txt'
output_vtt: saving output to '/Users/csev/htdocs/py4e/whisper/.whisper-tmp/run-31163/work-16-viz__16-Viz-M-EX-OpenGeo/output.vtt'
output_srt: saving output to '/Users/csev/htdocs/py4e/whisper/.whisper-tmp/run-31163/work-16-viz__16-Viz-M-EX-OpenGeo/output.srt'

whisper_print_timings:     load time =   490.38 ms
whisper_print_timings:     fallbacks =   0 p /   0 h
whisper_print_timings:      mel time =   421.67 ms
whisper_print_timings:   sample time =  6345.53 ms / 22431 runs (     0.28 ms per run)
whisper_print_timings:   encode time = 16868.24 ms /    41 runs (   411.42 ms per run)
whisper_print_timings:   decode time =   480.40 ms /    50 runs (     9.61 ms per run)
whisper_print_timings:   batchd time = 55885.46 ms / 22176 runs (     2.52 ms per run)
whisper_print_timings:   prompt time =  3237.81 ms /  9307 runs (     0.35 ms per run)
whisper_print_timings:    total time = 84621.52 ms
ggml_metal_free: deallocating
CLEANUP: /Users/csev/htdocs/py4e/whisper/.whisper-tmp/run-31163/work-16-viz__16-Viz-M-EX-OpenGeo/output.txt
Replacements:
  /Users/csev/htdocs/py4e/whisper/py4e-whisper-replacements.txt
Files: 1
UPDATED: /Users/csev/htdocs/py4e/whisper/.whisper-tmp/run-31163/work-16-viz__16-Viz-M-EX-OpenGeo/output.txt
Replacement counts:
  gonna => going to (23)
  gotta => got to (1)
  kinda => kind of (2)
  wanna => want to (1)
CLEANUP: /Users/csev/htdocs/py4e/whisper/.whisper-tmp/run-31163/work-16-viz__16-Viz-M-EX-OpenGeo/output.vtt
Replacements:
  /Users/csev/htdocs/py4e/whisper/py4e-whisper-replacements.txt
Files: 1
UPDATED: /Users/csev/htdocs/py4e/whisper/.whisper-tmp/run-31163/work-16-viz__16-Viz-M-EX-OpenGeo/output.vtt
Replacement counts:
  gonna => going to (23)
  gotta => got to (1)
  kinda => kind of (2)
  wanna => want to (1)
CLEANUP: /Users/csev/htdocs/py4e/whisper/.whisper-tmp/run-31163/work-16-viz__16-Viz-M-EX-OpenGeo/output.srt
Replacements:
  /Users/csev/htdocs/py4e/whisper/py4e-whisper-replacements.txt
Files: 1
UPDATED: /Users/csev/htdocs/py4e/whisper/.whisper-tmp/run-31163/work-16-viz__16-Viz-M-EX-OpenGeo/output.srt
Replacement counts:
  gonna => going to (23)
  gotta => got to (1)
  kinda => kind of (2)
  wanna => want to (1)
DONE: 16-viz/16-Viz-M-EX-OpenGeo.m4v
TIMING:
  FFMPEG : 00:00:01
  WHISPER: 00:01:25
  TOTAL  : 00:01:26

==================================================
MEDIA: 16-viz/16-Viz-N-EX-Page-Spider.mov
OUTPUT STEM: 16-viz/16-Viz-N-EX-Page-Spider
STEP 1: Extracting audio with ffmpeg...
STEP 2: Running whisper-cli...
whisper_init_from_file_with_params_no_state: loading model from '/Users/csev/models/ggml-medium.bin'
whisper_init_with_params_no_state: use gpu    = 1
whisper_init_with_params_no_state: flash attn = 1
whisper_init_with_params_no_state: gpu_device = 0
whisper_init_with_params_no_state: dtw        = 0
ggml_metal_device_init: tensor API disabled for pre-M5 and pre-A19 devices
ggml_metal_library_init: using embedded metal library
ggml_metal_library_init: loaded in 0.007 sec
ggml_metal_rsets_init: creating a residency set collection (keep_alive = 180 s)
ggml_metal_device_init: GPU name:   Apple M1 Pro
ggml_metal_device_init: GPU family: MTLGPUFamilyApple7  (1007)
ggml_metal_device_init: GPU family: MTLGPUFamilyCommon3 (3003)
ggml_metal_device_init: GPU family: MTLGPUFamilyMetal4  (5002)
ggml_metal_device_init: simdgroup reduction   = true
ggml_metal_device_init: simdgroup matrix mul. = true
ggml_metal_device_init: has unified memory    = true
ggml_metal_device_init: has bfloat            = true
ggml_metal_device_init: has tensor            = false
ggml_metal_device_init: use residency sets    = true
ggml_metal_device_init: use shared buffers    = true
ggml_metal_device_init: recommendedMaxWorkingSetSize  = 26800.60 MB
whisper_init_with_params_no_state: devices    = 3
whisper_init_with_params_no_state: backends   = 3
whisper_model_load: loading model
whisper_model_load: n_vocab       = 51865
whisper_model_load: n_audio_ctx   = 1500
whisper_model_load: n_audio_state = 1024
whisper_model_load: n_audio_head  = 16
whisper_model_load: n_audio_layer = 24
whisper_model_load: n_text_ctx    = 448
whisper_model_load: n_text_state  = 1024
whisper_model_load: n_text_head   = 16
whisper_model_load: n_text_layer  = 24
whisper_model_load: n_mels        = 80
whisper_model_load: ftype         = 1
whisper_model_load: qntvr         = 0
whisper_model_load: type          = 4 (medium)
whisper_model_load: adding 1608 extra tokens
whisper_model_load: n_langs       = 99
whisper_model_load:        Metal total size =  1533.14 MB
whisper_model_load: model size    = 1533.14 MB
whisper_backend_init_gpu: device 0: Metal (type: 1)
whisper_backend_init_gpu: found GPU device 0: Metal (type: 1, cnt: 0)
whisper_backend_init_gpu: using Metal backend
ggml_metal_init: allocating
ggml_metal_init: found device: Apple M1 Pro
ggml_metal_init: picking default device: Apple M1 Pro
ggml_metal_init: use fusion         = true
ggml_metal_init: use concurrency    = true
ggml_metal_init: use graph optimize = true
whisper_backend_init: using BLAS backend
whisper_init_state: kv self size  =   50.33 MB
whisper_init_state: kv cross size =  150.99 MB
whisper_init_state: kv pad  size  =    6.29 MB
whisper_init_state: compute buffer (conv)   =   29.53 MB
whisper_init_state: compute buffer (encode) =   53.12 MB
whisper_init_state: compute buffer (cross)  =   20.02 MB
whisper_init_state: compute buffer (decode) =   99.12 MB

system_info: n_threads = 4 / 10 | WHISPER : COREML = 0 | OPENVINO = 0 | Metal : EMBED_LIBRARY = 1 | CPU : NEON = 1 | ARM_FMA = 1 | FP16_VA = 1 | DOTPROD = 1 | ACCELERATE = 1 | REPACK = 1 | 

main: processing '/Users/csev/htdocs/py4e/whisper/.whisper-tmp/run-31163/work-16-viz__16-Viz-N-EX-Page-Spider/audio.wav' (16716881 samples, 1044.8 sec), 4 threads, 1 processors, 5 beams + best of 5, lang = en, task = transcribe, timestamps = 1 ...

output_txt: saving output to '/Users/csev/htdocs/py4e/whisper/.whisper-tmp/run-31163/work-16-viz__16-Viz-N-EX-Page-Spider/output.txt'
output_vtt: saving output to '/Users/csev/htdocs/py4e/whisper/.whisper-tmp/run-31163/work-16-viz__16-Viz-N-EX-Page-Spider/output.vtt'
output_srt: saving output to '/Users/csev/htdocs/py4e/whisper/.whisper-tmp/run-31163/work-16-viz__16-Viz-N-EX-Page-Spider/output.srt'

whisper_print_timings:     load time =   489.04 ms
whisper_print_timings:     fallbacks =   0 p /   0 h
whisper_print_timings:      mel time =   389.76 ms
whisper_print_timings:   sample time =  6190.15 ms / 21803 runs (     0.28 ms per run)
whisper_print_timings:   encode time = 15224.96 ms /    37 runs (   411.49 ms per run)
whisper_print_timings:   decode time =   186.99 ms /    19 runs (     9.84 ms per run)
whisper_print_timings:   batchd time = 54386.72 ms / 21599 runs (     2.52 ms per run)
whisper_print_timings:   prompt time =  2922.80 ms /  8399 runs (     0.35 ms per run)
whisper_print_timings:    total time = 80600.97 ms
ggml_metal_free: deallocating
CLEANUP: /Users/csev/htdocs/py4e/whisper/.whisper-tmp/run-31163/work-16-viz__16-Viz-N-EX-Page-Spider/output.txt
Replacements:
  /Users/csev/htdocs/py4e/whisper/py4e-whisper-replacements.txt
Files: 1
UPDATED: /Users/csev/htdocs/py4e/whisper/.whisper-tmp/run-31163/work-16-viz__16-Viz-N-EX-Page-Spider/output.txt
Replacement counts:
  'cause => because (5)
  gonna => going to (54)
  gotta => got to (2)
  kinda => kind of (1)
  wanna => want to (4)
CLEANUP: /Users/csev/htdocs/py4e/whisper/.whisper-tmp/run-31163/work-16-viz__16-Viz-N-EX-Page-Spider/output.vtt
Replacements:
  /Users/csev/htdocs/py4e/whisper/py4e-whisper-replacements.txt
Files: 1
UPDATED: /Users/csev/htdocs/py4e/whisper/.whisper-tmp/run-31163/work-16-viz__16-Viz-N-EX-Page-Spider/output.vtt
Replacement counts:
  'cause => because (5)
  gonna => going to (54)
  gotta => got to (2)
  kinda => kind of (1)
  wanna => want to (4)
CLEANUP: /Users/csev/htdocs/py4e/whisper/.whisper-tmp/run-31163/work-16-viz__16-Viz-N-EX-Page-Spider/output.srt
Replacements:
  /Users/csev/htdocs/py4e/whisper/py4e-whisper-replacements.txt
Files: 1
UPDATED: /Users/csev/htdocs/py4e/whisper/.whisper-tmp/run-31163/work-16-viz__16-Viz-N-EX-Page-Spider/output.srt
Replacement counts:
  'cause => because (5)
  gonna => going to (54)
  gotta => got to (2)
  kinda => kind of (1)
  wanna => want to (4)
DONE: 16-viz/16-Viz-N-EX-Page-Spider.mov
TIMING:
  FFMPEG : 00:00:01
  WHISPER: 00:01:21
  TOTAL  : 00:01:22

==================================================
MEDIA: 16-viz/16-Viz-O-EX-Page-Rank.mov
OUTPUT STEM: 16-viz/16-Viz-O-EX-Page-Rank
STEP 1: Extracting audio with ffmpeg...
STEP 2: Running whisper-cli...
whisper_init_from_file_with_params_no_state: loading model from '/Users/csev/models/ggml-medium.bin'
whisper_init_with_params_no_state: use gpu    = 1
whisper_init_with_params_no_state: flash attn = 1
whisper_init_with_params_no_state: gpu_device = 0
whisper_init_with_params_no_state: dtw        = 0
ggml_metal_device_init: tensor API disabled for pre-M5 and pre-A19 devices
ggml_metal_library_init: using embedded metal library
ggml_metal_library_init: loaded in 0.007 sec
ggml_metal_rsets_init: creating a residency set collection (keep_alive = 180 s)
ggml_metal_device_init: GPU name:   Apple M1 Pro
ggml_metal_device_init: GPU family: MTLGPUFamilyApple7  (1007)
ggml_metal_device_init: GPU family: MTLGPUFamilyCommon3 (3003)
ggml_metal_device_init: GPU family: MTLGPUFamilyMetal4  (5002)
ggml_metal_device_init: simdgroup reduction   = true
ggml_metal_device_init: simdgroup matrix mul. = true
ggml_metal_device_init: has unified memory    = true
ggml_metal_device_init: has bfloat            = true
ggml_metal_device_init: has tensor            = false
ggml_metal_device_init: use residency sets    = true
ggml_metal_device_init: use shared buffers    = true
ggml_metal_device_init: recommendedMaxWorkingSetSize  = 26800.60 MB
whisper_init_with_params_no_state: devices    = 3
whisper_init_with_params_no_state: backends   = 3
whisper_model_load: loading model
whisper_model_load: n_vocab       = 51865
whisper_model_load: n_audio_ctx   = 1500
whisper_model_load: n_audio_state = 1024
whisper_model_load: n_audio_head  = 16
whisper_model_load: n_audio_layer = 24
whisper_model_load: n_text_ctx    = 448
whisper_model_load: n_text_state  = 1024
whisper_model_load: n_text_head   = 16
whisper_model_load: n_text_layer  = 24
whisper_model_load: n_mels        = 80
whisper_model_load: ftype         = 1
whisper_model_load: qntvr         = 0
whisper_model_load: type          = 4 (medium)
whisper_model_load: adding 1608 extra tokens
whisper_model_load: n_langs       = 99
whisper_model_load:        Metal total size =  1533.14 MB
whisper_model_load: model size    = 1533.14 MB
whisper_backend_init_gpu: device 0: Metal (type: 1)
whisper_backend_init_gpu: found GPU device 0: Metal (type: 1, cnt: 0)
whisper_backend_init_gpu: using Metal backend
ggml_metal_init: allocating
ggml_metal_init: found device: Apple M1 Pro
ggml_metal_init: picking default device: Apple M1 Pro
ggml_metal_init: use fusion         = true
ggml_metal_init: use concurrency    = true
ggml_metal_init: use graph optimize = true
whisper_backend_init: using BLAS backend
whisper_init_state: kv self size  =   50.33 MB
whisper_init_state: kv cross size =  150.99 MB
whisper_init_state: kv pad  size  =    6.29 MB
whisper_init_state: compute buffer (conv)   =   29.53 MB
whisper_init_state: compute buffer (encode) =   53.12 MB
whisper_init_state: compute buffer (cross)  =   20.02 MB
whisper_init_state: compute buffer (decode) =   99.12 MB

system_info: n_threads = 4 / 10 | WHISPER : COREML = 0 | OPENVINO = 0 | Metal : EMBED_LIBRARY = 1 | CPU : NEON = 1 | ARM_FMA = 1 | FP16_VA = 1 | DOTPROD = 1 | ACCELERATE = 1 | REPACK = 1 | 

main: processing '/Users/csev/htdocs/py4e/whisper/.whisper-tmp/run-31163/work-16-viz__16-Viz-O-EX-Page-Rank/audio.wav' (14988574 samples, 936.8 sec), 4 threads, 1 processors, 5 beams + best of 5, lang = en, task = transcribe, timestamps = 1 ...

output_txt: saving output to '/Users/csev/htdocs/py4e/whisper/.whisper-tmp/run-31163/work-16-viz__16-Viz-O-EX-Page-Rank/output.txt'
output_vtt: saving output to '/Users/csev/htdocs/py4e/whisper/.whisper-tmp/run-31163/work-16-viz__16-Viz-O-EX-Page-Rank/output.vtt'
output_srt: saving output to '/Users/csev/htdocs/py4e/whisper/.whisper-tmp/run-31163/work-16-viz__16-Viz-O-EX-Page-Rank/output.srt'

whisper_print_timings:     load time =   485.13 ms
whisper_print_timings:     fallbacks =   0 p /   0 h
whisper_print_timings:      mel time =   346.41 ms
whisper_print_timings:   sample time =  4959.78 ms / 17507 runs (     0.28 ms per run)
whisper_print_timings:   encode time = 14002.06 ms /    34 runs (   411.83 ms per run)
whisper_print_timings:   decode time =   665.61 ms /    69 runs (     9.65 ms per run)
whisper_print_timings:   batchd time = 43721.74 ms / 17268 runs (     2.53 ms per run)
whisper_print_timings:   prompt time =  2687.64 ms /  7718 runs (     0.35 ms per run)
whisper_print_timings:    total time = 67610.56 ms
ggml_metal_free: deallocating
CLEANUP: /Users/csev/htdocs/py4e/whisper/.whisper-tmp/run-31163/work-16-viz__16-Viz-O-EX-Page-Rank/output.txt
Replacements:
  /Users/csev/htdocs/py4e/whisper/py4e-whisper-replacements.txt
Files: 1
UPDATED: /Users/csev/htdocs/py4e/whisper/.whisper-tmp/run-31163/work-16-viz__16-Viz-O-EX-Page-Rank/output.txt
Replacement counts:
  gonna => going to (39)
  kinda => kind of (1)
  wanna => want to (1)
CLEANUP: /Users/csev/htdocs/py4e/whisper/.whisper-tmp/run-31163/work-16-viz__16-Viz-O-EX-Page-Rank/output.vtt
Replacements:
  /Users/csev/htdocs/py4e/whisper/py4e-whisper-replacements.txt
Files: 1
UPDATED: /Users/csev/htdocs/py4e/whisper/.whisper-tmp/run-31163/work-16-viz__16-Viz-O-EX-Page-Rank/output.vtt
Replacement counts:
  gonna => going to (39)
  kinda => kind of (1)
  wanna => want to (1)
CLEANUP: /Users/csev/htdocs/py4e/whisper/.whisper-tmp/run-31163/work-16-viz__16-Viz-O-EX-Page-Rank/output.srt
Replacements:
  /Users/csev/htdocs/py4e/whisper/py4e-whisper-replacements.txt
Files: 1
UPDATED: /Users/csev/htdocs/py4e/whisper/.whisper-tmp/run-31163/work-16-viz__16-Viz-O-EX-Page-Rank/output.srt
Replacement counts:
  gonna => going to (39)
  kinda => kind of (1)
  wanna => want to (1)
DONE: 16-viz/16-Viz-O-EX-Page-Rank.mov
TIMING:
  FFMPEG : 00:00:01
  WHISPER: 00:01:08
  TOTAL  : 00:01:09

==================================================
MEDIA: 16-viz/16-Viz-P-EX-Page-Viz.mov
OUTPUT STEM: 16-viz/16-Viz-P-EX-Page-Viz
STEP 1: Extracting audio with ffmpeg...
STEP 2: Running whisper-cli...
whisper_init_from_file_with_params_no_state: loading model from '/Users/csev/models/ggml-medium.bin'
whisper_init_with_params_no_state: use gpu    = 1
whisper_init_with_params_no_state: flash attn = 1
whisper_init_with_params_no_state: gpu_device = 0
whisper_init_with_params_no_state: dtw        = 0
ggml_metal_device_init: tensor API disabled for pre-M5 and pre-A19 devices
ggml_metal_library_init: using embedded metal library
ggml_metal_library_init: loaded in 0.007 sec
ggml_metal_rsets_init: creating a residency set collection (keep_alive = 180 s)
ggml_metal_device_init: GPU name:   Apple M1 Pro
ggml_metal_device_init: GPU family: MTLGPUFamilyApple7  (1007)
ggml_metal_device_init: GPU family: MTLGPUFamilyCommon3 (3003)
ggml_metal_device_init: GPU family: MTLGPUFamilyMetal4  (5002)
ggml_metal_device_init: simdgroup reduction   = true
ggml_metal_device_init: simdgroup matrix mul. = true
ggml_metal_device_init: has unified memory    = true
ggml_metal_device_init: has bfloat            = true
ggml_metal_device_init: has tensor            = false
ggml_metal_device_init: use residency sets    = true
ggml_metal_device_init: use shared buffers    = true
ggml_metal_device_init: recommendedMaxWorkingSetSize  = 26800.60 MB
whisper_init_with_params_no_state: devices    = 3
whisper_init_with_params_no_state: backends   = 3
whisper_model_load: loading model
whisper_model_load: n_vocab       = 51865
whisper_model_load: n_audio_ctx   = 1500
whisper_model_load: n_audio_state = 1024
whisper_model_load: n_audio_head  = 16
whisper_model_load: n_audio_layer = 24
whisper_model_load: n_text_ctx    = 448
whisper_model_load: n_text_state  = 1024
whisper_model_load: n_text_head   = 16
whisper_model_load: n_text_layer  = 24
whisper_model_load: n_mels        = 80
whisper_model_load: ftype         = 1
whisper_model_load: qntvr         = 0
whisper_model_load: type          = 4 (medium)
whisper_model_load: adding 1608 extra tokens
whisper_model_load: n_langs       = 99
whisper_model_load:        Metal total size =  1533.14 MB
whisper_model_load: model size    = 1533.14 MB
whisper_backend_init_gpu: device 0: Metal (type: 1)
whisper_backend_init_gpu: found GPU device 0: Metal (type: 1, cnt: 0)
whisper_backend_init_gpu: using Metal backend
ggml_metal_init: allocating
ggml_metal_init: found device: Apple M1 Pro
ggml_metal_init: picking default device: Apple M1 Pro
ggml_metal_init: use fusion         = true
ggml_metal_init: use concurrency    = true
ggml_metal_init: use graph optimize = true
whisper_backend_init: using BLAS backend
whisper_init_state: kv self size  =   50.33 MB
whisper_init_state: kv cross size =  150.99 MB
whisper_init_state: kv pad  size  =    6.29 MB
whisper_init_state: compute buffer (conv)   =   29.53 MB
whisper_init_state: compute buffer (encode) =   53.12 MB
whisper_init_state: compute buffer (cross)  =   20.02 MB
whisper_init_state: compute buffer (decode) =   99.12 MB

system_info: n_threads = 4 / 10 | WHISPER : COREML = 0 | OPENVINO = 0 | Metal : EMBED_LIBRARY = 1 | CPU : NEON = 1 | ARM_FMA = 1 | FP16_VA = 1 | DOTPROD = 1 | ACCELERATE = 1 | REPACK = 1 | 

main: processing '/Users/csev/htdocs/py4e/whisper/.whisper-tmp/run-31163/work-16-viz__16-Viz-P-EX-Page-Viz/audio.wav' (6441030 samples, 402.6 sec), 4 threads, 1 processors, 5 beams + best of 5, lang = en, task = transcribe, timestamps = 1 ...

output_txt: saving output to '/Users/csev/htdocs/py4e/whisper/.whisper-tmp/run-31163/work-16-viz__16-Viz-P-EX-Page-Viz/output.txt'
output_vtt: saving output to '/Users/csev/htdocs/py4e/whisper/.whisper-tmp/run-31163/work-16-viz__16-Viz-P-EX-Page-Viz/output.vtt'
output_srt: saving output to '/Users/csev/htdocs/py4e/whisper/.whisper-tmp/run-31163/work-16-viz__16-Viz-P-EX-Page-Viz/output.srt'

whisper_print_timings:     load time =   484.92 ms
whisper_print_timings:     fallbacks =   0 p /   0 h
whisper_print_timings:      mel time =   149.90 ms
whisper_print_timings:   sample time =  2211.06 ms /  7734 runs (     0.29 ms per run)
whisper_print_timings:   encode time =  6193.07 ms /    15 runs (   412.87 ms per run)
whisper_print_timings:   decode time =   136.39 ms /    14 runs (     9.74 ms per run)
whisper_print_timings:   batchd time = 19223.84 ms /  7648 runs (     2.51 ms per run)
whisper_print_timings:   prompt time =  1106.23 ms /  3178 runs (     0.35 ms per run)
whisper_print_timings:    total time = 29852.09 ms
ggml_metal_free: deallocating
CLEANUP: /Users/csev/htdocs/py4e/whisper/.whisper-tmp/run-31163/work-16-viz__16-Viz-P-EX-Page-Viz/output.txt
Replacements:
  /Users/csev/htdocs/py4e/whisper/py4e-whisper-replacements.txt
Files: 1
UPDATED: /Users/csev/htdocs/py4e/whisper/.whisper-tmp/run-31163/work-16-viz__16-Viz-P-EX-Page-Viz/output.txt
Replacement counts:
  'cause => because (1)
  gonna => going to (3)
CLEANUP: /Users/csev/htdocs/py4e/whisper/.whisper-tmp/run-31163/work-16-viz__16-Viz-P-EX-Page-Viz/output.vtt
Replacements:
  /Users/csev/htdocs/py4e/whisper/py4e-whisper-replacements.txt
Files: 1
UPDATED: /Users/csev/htdocs/py4e/whisper/.whisper-tmp/run-31163/work-16-viz__16-Viz-P-EX-Page-Viz/output.vtt
Replacement counts:
  'cause => because (1)
  gonna => going to (3)
CLEANUP: /Users/csev/htdocs/py4e/whisper/.whisper-tmp/run-31163/work-16-viz__16-Viz-P-EX-Page-Viz/output.srt
Replacements:
  /Users/csev/htdocs/py4e/whisper/py4e-whisper-replacements.txt
Files: 1
UPDATED: /Users/csev/htdocs/py4e/whisper/.whisper-tmp/run-31163/work-16-viz__16-Viz-P-EX-Page-Viz/output.srt
Replacement counts:
  'cause => because (1)
  gonna => going to (3)
DONE: 16-viz/16-Viz-P-EX-Page-Viz.mov
TIMING:
  FFMPEG : 00:00:01
  WHISPER: 00:00:30
  TOTAL  : 00:00:31

==================================================
MEDIA: 16-viz/16-Viz-Q-EX-Gmane-Spider.mov
OUTPUT STEM: 16-viz/16-Viz-Q-EX-Gmane-Spider
STEP 1: Extracting audio with ffmpeg...
STEP 2: Running whisper-cli...
whisper_init_from_file_with_params_no_state: loading model from '/Users/csev/models/ggml-medium.bin'
whisper_init_with_params_no_state: use gpu    = 1
whisper_init_with_params_no_state: flash attn = 1
whisper_init_with_params_no_state: gpu_device = 0
whisper_init_with_params_no_state: dtw        = 0
ggml_metal_device_init: tensor API disabled for pre-M5 and pre-A19 devices
ggml_metal_library_init: using embedded metal library
ggml_metal_library_init: loaded in 0.007 sec
ggml_metal_rsets_init: creating a residency set collection (keep_alive = 180 s)
ggml_metal_device_init: GPU name:   Apple M1 Pro
ggml_metal_device_init: GPU family: MTLGPUFamilyApple7  (1007)
ggml_metal_device_init: GPU family: MTLGPUFamilyCommon3 (3003)
ggml_metal_device_init: GPU family: MTLGPUFamilyMetal4  (5002)
ggml_metal_device_init: simdgroup reduction   = true
ggml_metal_device_init: simdgroup matrix mul. = true
ggml_metal_device_init: has unified memory    = true
ggml_metal_device_init: has bfloat            = true
ggml_metal_device_init: has tensor            = false
ggml_metal_device_init: use residency sets    = true
ggml_metal_device_init: use shared buffers    = true
ggml_metal_device_init: recommendedMaxWorkingSetSize  = 26800.60 MB
whisper_init_with_params_no_state: devices    = 3
whisper_init_with_params_no_state: backends   = 3
whisper_model_load: loading model
whisper_model_load: n_vocab       = 51865
whisper_model_load: n_audio_ctx   = 1500
whisper_model_load: n_audio_state = 1024
whisper_model_load: n_audio_head  = 16
whisper_model_load: n_audio_layer = 24
whisper_model_load: n_text_ctx    = 448
whisper_model_load: n_text_state  = 1024
whisper_model_load: n_text_head   = 16
whisper_model_load: n_text_layer  = 24
whisper_model_load: n_mels        = 80
whisper_model_load: ftype         = 1
whisper_model_load: qntvr         = 0
whisper_model_load: type          = 4 (medium)
whisper_model_load: adding 1608 extra tokens
whisper_model_load: n_langs       = 99
whisper_model_load:        Metal total size =  1533.14 MB
whisper_model_load: model size    = 1533.14 MB
whisper_backend_init_gpu: device 0: Metal (type: 1)
whisper_backend_init_gpu: found GPU device 0: Metal (type: 1, cnt: 0)
whisper_backend_init_gpu: using Metal backend
ggml_metal_init: allocating
ggml_metal_init: found device: Apple M1 Pro
ggml_metal_init: picking default device: Apple M1 Pro
ggml_metal_init: use fusion         = true
ggml_metal_init: use concurrency    = true
ggml_metal_init: use graph optimize = true
whisper_backend_init: using BLAS backend
whisper_init_state: kv self size  =   50.33 MB
whisper_init_state: kv cross size =  150.99 MB
whisper_init_state: kv pad  size  =    6.29 MB
whisper_init_state: compute buffer (conv)   =   29.53 MB
whisper_init_state: compute buffer (encode) =   53.12 MB
whisper_init_state: compute buffer (cross)  =   20.02 MB
whisper_init_state: compute buffer (decode) =   99.12 MB

system_info: n_threads = 4 / 10 | WHISPER : COREML = 0 | OPENVINO = 0 | Metal : EMBED_LIBRARY = 1 | CPU : NEON = 1 | ARM_FMA = 1 | FP16_VA = 1 | DOTPROD = 1 | ACCELERATE = 1 | REPACK = 1 | 

main: processing '/Users/csev/htdocs/py4e/whisper/.whisper-tmp/run-31163/work-16-viz__16-Viz-Q-EX-Gmane-Spider/audio.wav' (16327529 samples, 1020.5 sec), 4 threads, 1 processors, 5 beams + best of 5, lang = en, task = transcribe, timestamps = 1 ...

output_txt: saving output to '/Users/csev/htdocs/py4e/whisper/.whisper-tmp/run-31163/work-16-viz__16-Viz-Q-EX-Gmane-Spider/output.txt'
output_vtt: saving output to '/Users/csev/htdocs/py4e/whisper/.whisper-tmp/run-31163/work-16-viz__16-Viz-Q-EX-Gmane-Spider/output.vtt'
output_srt: saving output to '/Users/csev/htdocs/py4e/whisper/.whisper-tmp/run-31163/work-16-viz__16-Viz-Q-EX-Gmane-Spider/output.srt'

whisper_print_timings:     load time =   499.48 ms
whisper_print_timings:     fallbacks =   0 p /   0 h
whisper_print_timings:      mel time =   381.23 ms
whisper_print_timings:   sample time =  6003.81 ms / 21081 runs (     0.28 ms per run)
whisper_print_timings:   encode time = 15253.99 ms /    37 runs (   412.27 ms per run)
whisper_print_timings:   decode time =   522.17 ms /    54 runs (     9.67 ms per run)
whisper_print_timings:   batchd time = 53237.27 ms / 20844 runs (     2.55 ms per run)
whisper_print_timings:   prompt time =  2924.95 ms /  8399 runs (     0.35 ms per run)
whisper_print_timings:    total time = 79623.70 ms
ggml_metal_free: deallocating
CLEANUP: /Users/csev/htdocs/py4e/whisper/.whisper-tmp/run-31163/work-16-viz__16-Viz-Q-EX-Gmane-Spider/output.txt
Replacements:
  /Users/csev/htdocs/py4e/whisper/py4e-whisper-replacements.txt
Files: 1
UPDATED: /Users/csev/htdocs/py4e/whisper/.whisper-tmp/run-31163/work-16-viz__16-Viz-Q-EX-Gmane-Spider/output.txt
Replacement counts:
  'cause => because (5)
  gonna => going to (40)
  kinda => kind of (1)
  wanna => want to (3)
CLEANUP: /Users/csev/htdocs/py4e/whisper/.whisper-tmp/run-31163/work-16-viz__16-Viz-Q-EX-Gmane-Spider/output.vtt
Replacements:
  /Users/csev/htdocs/py4e/whisper/py4e-whisper-replacements.txt
Files: 1
UPDATED: /Users/csev/htdocs/py4e/whisper/.whisper-tmp/run-31163/work-16-viz__16-Viz-Q-EX-Gmane-Spider/output.vtt
Replacement counts:
  'cause => because (5)
  gonna => going to (40)
  kinda => kind of (1)
  wanna => want to (3)
CLEANUP: /Users/csev/htdocs/py4e/whisper/.whisper-tmp/run-31163/work-16-viz__16-Viz-Q-EX-Gmane-Spider/output.srt
Replacements:
  /Users/csev/htdocs/py4e/whisper/py4e-whisper-replacements.txt
Files: 1
UPDATED: /Users/csev/htdocs/py4e/whisper/.whisper-tmp/run-31163/work-16-viz__16-Viz-Q-EX-Gmane-Spider/output.srt
Replacement counts:
  'cause => because (5)
  gonna => going to (40)
  kinda => kind of (1)
  wanna => want to (3)
DONE: 16-viz/16-Viz-Q-EX-Gmane-Spider.mov
TIMING:
  FFMPEG : 00:00:01
  WHISPER: 00:01:20
  TOTAL  : 00:01:22

==================================================
MEDIA: 16-viz/16-Viz-R-EX-Gmane-Model.mov
OUTPUT STEM: 16-viz/16-Viz-R-EX-Gmane-Model
STEP 1: Extracting audio with ffmpeg...
STEP 2: Running whisper-cli...
whisper_init_from_file_with_params_no_state: loading model from '/Users/csev/models/ggml-medium.bin'
whisper_init_with_params_no_state: use gpu    = 1
whisper_init_with_params_no_state: flash attn = 1
whisper_init_with_params_no_state: gpu_device = 0
whisper_init_with_params_no_state: dtw        = 0
ggml_metal_device_init: tensor API disabled for pre-M5 and pre-A19 devices
ggml_metal_library_init: using embedded metal library
ggml_metal_library_init: loaded in 0.007 sec
ggml_metal_rsets_init: creating a residency set collection (keep_alive = 180 s)
ggml_metal_device_init: GPU name:   Apple M1 Pro
ggml_metal_device_init: GPU family: MTLGPUFamilyApple7  (1007)
ggml_metal_device_init: GPU family: MTLGPUFamilyCommon3 (3003)
ggml_metal_device_init: GPU family: MTLGPUFamilyMetal4  (5002)
ggml_metal_device_init: simdgroup reduction   = true
ggml_metal_device_init: simdgroup matrix mul. = true
ggml_metal_device_init: has unified memory    = true
ggml_metal_device_init: has bfloat            = true
ggml_metal_device_init: has tensor            = false
ggml_metal_device_init: use residency sets    = true
ggml_metal_device_init: use shared buffers    = true
ggml_metal_device_init: recommendedMaxWorkingSetSize  = 26800.60 MB
whisper_init_with_params_no_state: devices    = 3
whisper_init_with_params_no_state: backends   = 3
whisper_model_load: loading model
whisper_model_load: n_vocab       = 51865
whisper_model_load: n_audio_ctx   = 1500
whisper_model_load: n_audio_state = 1024
whisper_model_load: n_audio_head  = 16
whisper_model_load: n_audio_layer = 24
whisper_model_load: n_text_ctx    = 448
whisper_model_load: n_text_state  = 1024
whisper_model_load: n_text_head   = 16
whisper_model_load: n_text_layer  = 24
whisper_model_load: n_mels        = 80
whisper_model_load: ftype         = 1
whisper_model_load: qntvr         = 0
whisper_model_load: type          = 4 (medium)
whisper_model_load: adding 1608 extra tokens
whisper_model_load: n_langs       = 99
whisper_model_load:        Metal total size =  1533.14 MB
whisper_model_load: model size    = 1533.14 MB
whisper_backend_init_gpu: device 0: Metal (type: 1)
whisper_backend_init_gpu: found GPU device 0: Metal (type: 1, cnt: 0)
whisper_backend_init_gpu: using Metal backend
ggml_metal_init: allocating
ggml_metal_init: found device: Apple M1 Pro
ggml_metal_init: picking default device: Apple M1 Pro
ggml_metal_init: use fusion         = true
ggml_metal_init: use concurrency    = true
ggml_metal_init: use graph optimize = true
whisper_backend_init: using BLAS backend
whisper_init_state: kv self size  =   50.33 MB
whisper_init_state: kv cross size =  150.99 MB
whisper_init_state: kv pad  size  =    6.29 MB
whisper_init_state: compute buffer (conv)   =   29.53 MB
whisper_init_state: compute buffer (encode) =   53.12 MB
whisper_init_state: compute buffer (cross)  =   20.02 MB
whisper_init_state: compute buffer (decode) =   99.12 MB

system_info: n_threads = 4 / 10 | WHISPER : COREML = 0 | OPENVINO = 0 | Metal : EMBED_LIBRARY = 1 | CPU : NEON = 1 | ARM_FMA = 1 | FP16_VA = 1 | DOTPROD = 1 | ACCELERATE = 1 | REPACK = 1 | 

main: processing '/Users/csev/htdocs/py4e/whisper/.whisper-tmp/run-31163/work-16-viz__16-Viz-R-EX-Gmane-Model/audio.wav' (12410973 samples, 775.7 sec), 4 threads, 1 processors, 5 beams + best of 5, lang = en, task = transcribe, timestamps = 1 ...

output_txt: saving output to '/Users/csev/htdocs/py4e/whisper/.whisper-tmp/run-31163/work-16-viz__16-Viz-R-EX-Gmane-Model/output.txt'
output_vtt: saving output to '/Users/csev/htdocs/py4e/whisper/.whisper-tmp/run-31163/work-16-viz__16-Viz-R-EX-Gmane-Model/output.vtt'
output_srt: saving output to '/Users/csev/htdocs/py4e/whisper/.whisper-tmp/run-31163/work-16-viz__16-Viz-R-EX-Gmane-Model/output.srt'

whisper_print_timings:     load time =   487.97 ms
whisper_print_timings:     fallbacks =   0 p /   0 h
whisper_print_timings:      mel time =   293.62 ms
whisper_print_timings:   sample time =  4114.77 ms / 14507 runs (     0.28 ms per run)
whisper_print_timings:   encode time = 11512.55 ms /    28 runs (   411.16 ms per run)
whisper_print_timings:   decode time =   481.50 ms /    50 runs (     9.63 ms per run)
whisper_print_timings:   batchd time = 36384.63 ms / 14317 runs (     2.54 ms per run)
whisper_print_timings:   prompt time =  2211.16 ms /  6356 runs (     0.35 ms per run)
whisper_print_timings:    total time = 56106.12 ms
ggml_metal_free: deallocating
CLEANUP: /Users/csev/htdocs/py4e/whisper/.whisper-tmp/run-31163/work-16-viz__16-Viz-R-EX-Gmane-Model/output.txt
Replacements:
  /Users/csev/htdocs/py4e/whisper/py4e-whisper-replacements.txt
Files: 1
UPDATED: /Users/csev/htdocs/py4e/whisper/.whisper-tmp/run-31163/work-16-viz__16-Viz-R-EX-Gmane-Model/output.txt
Replacement counts:
  gonna => going to (29)
  kinda => kind of (1)
  wanna => want to (2)
CLEANUP: /Users/csev/htdocs/py4e/whisper/.whisper-tmp/run-31163/work-16-viz__16-Viz-R-EX-Gmane-Model/output.vtt
Replacements:
  /Users/csev/htdocs/py4e/whisper/py4e-whisper-replacements.txt
Files: 1
UPDATED: /Users/csev/htdocs/py4e/whisper/.whisper-tmp/run-31163/work-16-viz__16-Viz-R-EX-Gmane-Model/output.vtt
Replacement counts:
  gonna => going to (29)
  kinda => kind of (1)
  wanna => want to (2)
CLEANUP: /Users/csev/htdocs/py4e/whisper/.whisper-tmp/run-31163/work-16-viz__16-Viz-R-EX-Gmane-Model/output.srt
Replacements:
  /Users/csev/htdocs/py4e/whisper/py4e-whisper-replacements.txt
Files: 1
UPDATED: /Users/csev/htdocs/py4e/whisper/.whisper-tmp/run-31163/work-16-viz__16-Viz-R-EX-Gmane-Model/output.srt
Replacement counts:
  gonna => going to (29)
  kinda => kind of (1)
  wanna => want to (2)
DONE: 16-viz/16-Viz-R-EX-Gmane-Model.mov
TIMING:
  FFMPEG : 00:00:00
  WHISPER: 00:00:57
  TOTAL  : 00:00:57

==================================================
MEDIA: 16-viz/16-Viz-S-EX-Gmane-Viz.mov
OUTPUT STEM: 16-viz/16-Viz-S-EX-Gmane-Viz
STEP 1: Extracting audio with ffmpeg...
STEP 2: Running whisper-cli...
whisper_init_from_file_with_params_no_state: loading model from '/Users/csev/models/ggml-medium.bin'
whisper_init_with_params_no_state: use gpu    = 1
whisper_init_with_params_no_state: flash attn = 1
whisper_init_with_params_no_state: gpu_device = 0
whisper_init_with_params_no_state: dtw        = 0
ggml_metal_device_init: tensor API disabled for pre-M5 and pre-A19 devices
ggml_metal_library_init: using embedded metal library
ggml_metal_library_init: loaded in 0.007 sec
ggml_metal_rsets_init: creating a residency set collection (keep_alive = 180 s)
ggml_metal_device_init: GPU name:   Apple M1 Pro
ggml_metal_device_init: GPU family: MTLGPUFamilyApple7  (1007)
ggml_metal_device_init: GPU family: MTLGPUFamilyCommon3 (3003)
ggml_metal_device_init: GPU family: MTLGPUFamilyMetal4  (5002)
ggml_metal_device_init: simdgroup reduction   = true
ggml_metal_device_init: simdgroup matrix mul. = true
ggml_metal_device_init: has unified memory    = true
ggml_metal_device_init: has bfloat            = true
ggml_metal_device_init: has tensor            = false
ggml_metal_device_init: use residency sets    = true
ggml_metal_device_init: use shared buffers    = true
ggml_metal_device_init: recommendedMaxWorkingSetSize  = 26800.60 MB
whisper_init_with_params_no_state: devices    = 3
whisper_init_with_params_no_state: backends   = 3
whisper_model_load: loading model
whisper_model_load: n_vocab       = 51865
whisper_model_load: n_audio_ctx   = 1500
whisper_model_load: n_audio_state = 1024
whisper_model_load: n_audio_head  = 16
whisper_model_load: n_audio_layer = 24
whisper_model_load: n_text_ctx    = 448
whisper_model_load: n_text_state  = 1024
whisper_model_load: n_text_head   = 16
whisper_model_load: n_text_layer  = 24
whisper_model_load: n_mels        = 80
whisper_model_load: ftype         = 1
whisper_model_load: qntvr         = 0
whisper_model_load: type          = 4 (medium)
whisper_model_load: adding 1608 extra tokens
whisper_model_load: n_langs       = 99
whisper_model_load:        Metal total size =  1533.14 MB
whisper_model_load: model size    = 1533.14 MB
whisper_backend_init_gpu: device 0: Metal (type: 1)
whisper_backend_init_gpu: found GPU device 0: Metal (type: 1, cnt: 0)
whisper_backend_init_gpu: using Metal backend
ggml_metal_init: allocating
ggml_metal_init: found device: Apple M1 Pro
ggml_metal_init: picking default device: Apple M1 Pro
ggml_metal_init: use fusion         = true
ggml_metal_init: use concurrency    = true
ggml_metal_init: use graph optimize = true
whisper_backend_init: using BLAS backend
whisper_init_state: kv self size  =   50.33 MB
whisper_init_state: kv cross size =  150.99 MB
whisper_init_state: kv pad  size  =    6.29 MB
whisper_init_state: compute buffer (conv)   =   29.53 MB
whisper_init_state: compute buffer (encode) =   53.12 MB
whisper_init_state: compute buffer (cross)  =   20.02 MB
whisper_init_state: compute buffer (decode) =   99.12 MB

system_info: n_threads = 4 / 10 | WHISPER : COREML = 0 | OPENVINO = 0 | Metal : EMBED_LIBRARY = 1 | CPU : NEON = 1 | ARM_FMA = 1 | FP16_VA = 1 | DOTPROD = 1 | ACCELERATE = 1 | REPACK = 1 | 

main: processing '/Users/csev/htdocs/py4e/whisper/.whisper-tmp/run-31163/work-16-viz__16-Viz-S-EX-Gmane-Viz/audio.wav' (12992772 samples, 812.0 sec), 4 threads, 1 processors, 5 beams + best of 5, lang = en, task = transcribe, timestamps = 1 ...

output_txt: saving output to '/Users/csev/htdocs/py4e/whisper/.whisper-tmp/run-31163/work-16-viz__16-Viz-S-EX-Gmane-Viz/output.txt'
output_vtt: saving output to '/Users/csev/htdocs/py4e/whisper/.whisper-tmp/run-31163/work-16-viz__16-Viz-S-EX-Gmane-Viz/output.vtt'
output_srt: saving output to '/Users/csev/htdocs/py4e/whisper/.whisper-tmp/run-31163/work-16-viz__16-Viz-S-EX-Gmane-Viz/output.srt'

whisper_print_timings:     load time =   474.64 ms
whisper_print_timings:     fallbacks =   1 p /   0 h
whisper_print_timings:      mel time =   301.08 ms
whisper_print_timings:   sample time =  4206.25 ms / 15139 runs (     0.28 ms per run)
whisper_print_timings:   encode time = 11878.75 ms /    29 runs (   409.61 ms per run)
whisper_print_timings:   decode time =    49.20 ms /     5 runs (     9.84 ms per run)
whisper_print_timings:   batchd time = 37832.93 ms / 14984 runs (     2.52 ms per run)
whisper_print_timings:   prompt time =  2376.65 ms /  6810 runs (     0.35 ms per run)
whisper_print_timings:    total time = 57784.51 ms
ggml_metal_free: deallocating
CLEANUP: /Users/csev/htdocs/py4e/whisper/.whisper-tmp/run-31163/work-16-viz__16-Viz-S-EX-Gmane-Viz/output.txt
Replacements:
  /Users/csev/htdocs/py4e/whisper/py4e-whisper-replacements.txt
Files: 1
UPDATED: /Users/csev/htdocs/py4e/whisper/.whisper-tmp/run-31163/work-16-viz__16-Viz-S-EX-Gmane-Viz/output.txt
Replacement counts:
  'cause => because (2)
  gonna => going to (24)
  gotta => got to (3)
CLEANUP: /Users/csev/htdocs/py4e/whisper/.whisper-tmp/run-31163/work-16-viz__16-Viz-S-EX-Gmane-Viz/output.vtt
Replacements:
  /Users/csev/htdocs/py4e/whisper/py4e-whisper-replacements.txt
Files: 1
UPDATED: /Users/csev/htdocs/py4e/whisper/.whisper-tmp/run-31163/work-16-viz__16-Viz-S-EX-Gmane-Viz/output.vtt
Replacement counts:
  'cause => because (2)
  gonna => going to (24)
  gotta => got to (3)
CLEANUP: /Users/csev/htdocs/py4e/whisper/.whisper-tmp/run-31163/work-16-viz__16-Viz-S-EX-Gmane-Viz/output.srt
Replacements:
  /Users/csev/htdocs/py4e/whisper/py4e-whisper-replacements.txt
Files: 1
UPDATED: /Users/csev/htdocs/py4e/whisper/.whisper-tmp/run-31163/work-16-viz__16-Viz-S-EX-Gmane-Viz/output.srt
Replacement counts:
  'cause => because (2)
  gonna => going to (24)
  gotta => got to (3)
DONE: 16-viz/16-Viz-S-EX-Gmane-Viz.mov
TIMING:
  FFMPEG : 00:00:01
  WHISPER: 00:00:58
  TOTAL  : 00:00:59

==================================================
Batch finished: Fri Jul 31 16:10:14 EDT 2026
ELAPSED=00:15:41 (941s)
TOTAL=87
DONE=17
SKIPPED=70
FAILED=0
LOG=/Users/csev/htdocs/py4e/whisper/whisper-batch.log
==================================================

NOTE: New transcripts were cleaned with *whisper-replacements* during this run.
TIP: SKIPPED files were not re-cleaned. To re-apply replacements later:
  whisper-cleanup.py
